score,k,k_effective,structural_mechanisms_in_top_k,precision_at_k,recovery_at_k
isds_v1,5,5,4,0.8,0.19047619047619047
isds_v1,10,10,9,0.9,0.42857142857142855
isds_v1,15,15,13,0.8666666666666667,0.6190476190476191
isds_v1,20,20,17,0.85,0.8095238095238095
isds_v1,25,25,17,0.68,0.8095238095238095
isds_energy_component,5,5,4,0.8,0.19047619047619047
isds_energy_component,10,10,8,0.8,0.38095238095238093
isds_energy_component,15,15,11,0.7333333333333333,0.5238095238095238
isds_energy_component,20,20,15,0.75,0.7142857142857143
isds_energy_component,25,25,16,0.64,0.7619047619047619
isds_context_component,5,5,4,0.8,0.19047619047619047
isds_context_component,10,10,8,0.8,0.38095238095238093
isds_context_component,15,15,11,0.7333333333333333,0.5238095238095238
isds_context_component,20,20,14,0.7,0.6666666666666666
isds_context_component,25,25,16,0.64,0.7619047619047619
max_abs_energy_recomputed,5,5,4,0.8,0.19047619047619047
max_abs_energy_recomputed,10,10,8,0.8,0.38095238095238093
max_abs_energy_recomputed,15,15,11,0.7333333333333333,0.5238095238095238
max_abs_energy_recomputed,20,20,15,0.75,0.7142857142857143
max_abs_energy_recomputed,25,25,16,0.64,0.7619047619047619
