formula,roc_auc,average_precision,spearman_vs_isds_v1,n_unique_scores
sens_hard_cap,0.8438095238095237,0.821565153730125,0.9682772317765538,31
sens_smooth_norm,0.8380952380952381,0.7817266917294025,0.9914893617021276,46
sens_energy_weight_0_6,0.8380952380952381,0.7817266917294025,0.9906259636139377,46
sens_common_2_5,0.8361904761904763,0.7814971502443859,0.9992599444958371,46
sens_exponential,0.8361904761904762,0.782232658122751,0.9946962688868332,46
historical_cohort_z_combination,0.8342857142857143,0.781128972670326,0.9961763798951588,46
sens_energy_weight_0_4,0.8304761904761905,0.7754033490875596,0.9956830095590502,46
sens_interface_only_context,0.8152380952380952,0.8313489246350816,0.7879740980573542,46
sens_no_interface_tier,0.7942857142857143,0.733297759046938,0.9384520505704594,46
