removed_system,n_remaining,positive_remaining,roc_auc__isds_v1,average_precision__isds_v1,roc_auc__isds_energy_component,average_precision__isds_energy_component,roc_auc__isds_context_component,average_precision__isds_context_component,auc_diff_isds_minus_energy,auc_diff_isds_minus_context
brca1_bard1,42,19,0.8054919908466819,0.754156279736775,0.745995423340961,0.6941675992566084,0.7505720823798627,0.6741095162147794,0.059496567505720854,0.054919908466819156
cam_cav12,43,21,0.8354978354978355,0.7922258356579455,0.7619047619047619,0.725146672926382,0.8041125541125542,0.7681610181610181,0.07359307359307365,0.031385281385281294
cfh_c3b,43,20,0.8217391304347826,0.7706000608438689,0.7652173913043477,0.7122999998367646,0.7717391304347826,0.7025525525525526,0.0565217391304349,0.050000000000000044
hemoglobin_dimer,45,21,0.8293650793650793,0.7798741207575794,0.7738095238095238,0.7219359912325738,0.7797619047619048,0.7159742858472442,0.05555555555555547,0.04960317460317454
hemoglobin_tetramer,41,16,0.8025,0.7176690338484693,0.7675,0.6561097498597499,0.745,0.6141748366013072,0.03500000000000003,0.057499999999999996
kras_craf,43,19,0.8771929824561404,0.8011129040785224,0.8048245614035088,0.7289574801142114,0.817982456140351,0.729050563896299,0.07236842105263164,0.05921052631578938
mlh1_pms2,39,17,0.839572192513369,0.7598807472530582,0.7941176470588235,0.7093189036632539,0.8088235294117647,0.7212009803921569,0.045454545454545525,0.03074866310160429
msh2_msh6,42,21,0.8684807256235828,0.9057053460350941,0.8390022675736961,0.8756586035223806,0.7993197278911565,0.7711640211640212,0.02947845804988669,0.06916099773242634
pi3k,41,19,0.8277511961722488,0.7761542006436144,0.7751196172248803,0.7210885210885211,0.791866028708134,0.7304800462695199,0.052631578947368474,0.03588516746411474
smad4_smad3,42,18,0.8472222222222223,0.7686489348148409,0.7800925925925926,0.6928054683302496,0.7916666666666666,0.6871128871128871,0.06712962962962976,0.05555555555555569
troponin_ic,43,21,0.829004329004329,0.7855334511017839,0.7857142857142857,0.7417506804586637,0.7640692640692641,0.7188192360606154,0.04329004329004327,0.06493506493506485
vhl_elonginc,44,20,0.8333333333333334,0.7762688283508717,0.7770833333333332,0.7172999998367645,0.7927083333333335,0.7216408716408717,0.05625000000000013,0.04062499999999991
vwf_gpiba,44,20,0.8270833333333334,0.7696860823492452,0.7625,0.7074994258736735,0.78125,0.7025525525525526,0.06458333333333344,0.04583333333333339
