system,variant,gene,structural_ground_truth,endpoint_label,expected_mech_class,reported_tier,tier_number,reconstructed_full_score,no_interface_score,interface_partner_count,interface_only_positive,abs_monomer,signed_monomer,abs_complex,signed_complex,partner_complex,abs_binding,signed_binding,partner_binding,max_abs_energy_recomputed,isds_energy_ratio_uncapped,isds_energy_component,isds_context_component,isds_v1,isds_dominant_axis,isds_dominant_partner,isds_dominant_signed_ddg,isds_available,isds_version,sens_hard_cap,sens_exponential,sens_smooth_norm,sens_common_2_5,sens_energy_weight_0_4,sens_energy_weight_0_6,sens_no_interface_tier,sens_interface_only_context,historical_cohort_z_combination,AM pathogenicity,phenotype,franklin,structural_evidence_strength,evidence_axes
brca1_bard1,V11G,brca1,True,structural mechanism,ppi_destab_mechanism,Tier 1,1,5.5,4.0,1,True,1.4503,1.4503,3.2927,3.2927,bard1,2.3057,2.3057,bard1,3.2927,1.1354137931034483,0.53170668690555,1.0,0.765853343452775,complex_context,bard1,3.2927,True,ISDS-v1,1.0,0.8393554267043997,0.8752197335300756,0.7842111623249952,0.81268267476222,0.71902401214333,0.5991866767861083,0.765853343452775,0.6219928848510463,0.705,pathogenic,likely_pathogenic,T1: strong structural evidence,binding
brca1_bard1,C61G,brca1,True,structural mechanism,fold_mechanism,Tier 1,1,6.0,6.0,0,False,2.3282,2.3282,6.782,6.782,bard1,0.0318,-0.0318,bard1,6.782,2.3386206896551727,0.7004751084486677,1.0,0.8502375542243339,complex_context,bard1,6.782,True,ISDS-v1,1.0,0.9517697021939682,0.9597336480081157,0.8653307476836889,0.880190043379467,0.8202850650692006,0.8502375542243339,0.35023755422433384,1.1636732782183126,0.99,pathogenic,pathogenic,T1: strong structural evidence,both
brca1_bard1,K45R,brca1,False,no modeled lesion,structurally_silent,Tier 3,3,2.0,2.0,0,False,0.1193,0.1193,0.2599,-0.2599,bard1,0.0029,-0.0029,bard1,0.2599,0.08962068965517242,0.08224943827336309,0.3333333333333333,0.20779138580334822,complex_context,bard1,-0.2599,True,ISDS-v1,0.21147701149425285,0.20952770937711088,0.21129813293497818,0.21375170597968524,0.23289977530934522,0.18268299629735119,0.20779138580334822,0.041124719136681545,-0.8339915064809329,0.081,benign,likely_benign,T3: uncertain structural evidence,binding
brca1_bard1,E100Q,brca1,False,no modeled lesion,structurally_silent,Tier 4,4,0.0,0.0,0,False,0.3113,-0.3113,0.1603,-0.1603,bard1,0.0,0.0,bard1,0.3113,0.1073448275862069,0.09693893438794257,0.0,0.048469467193971286,monomer,,-0.3113,True,ISDS-v1,0.05367241379310345,0.05089205501736033,0.05336582956997114,0.0553658449827482,0.03877557375517703,0.05816336063276554,0.048469467193971286,0.048469467193971286,-1.3185977735305239,0.07,benign,vus_mid,T4: minimal structural evidence,binding
pi3k,E542K,pik3ca,True,structural mechanism,mixed_structural,Tier 2,2,3.5,2.0,1,True,0.0062,0.0062,3.1544,3.1544,pik3r1,0.6157,-0.6157,pik3r1,3.1544,1.0877241379310345,0.5210095137420719,0.6666666666666666,0.5938380902043693,complex_context,pik3r1,3.1544,True,ISDS-v1,0.8333333333333333,0.6648420596046298,0.7014178920633038,0.6122665534804754,0.6084038054968288,0.5792723749119097,0.42717142353770265,0.7605047568710359,0.10793751035246266,0.941,pathogenic_gof,pathogenic,T2: moderate structural evidence,binding
pi3k,E545K,pik3ca,True,structural mechanism,mixed_structural,Tier 2,2,3.5,2.0,1,True,0.179,0.179,1.8925,1.8925,pik3r1,4.6348,-4.6348,pik3r1,4.6348,1.3242285714285715,0.5697497172640998,0.6666666666666666,0.6182081919653832,binding,pik3r1,-4.6348,True,ISDS-v1,0.8333333333333333,0.7003292902352227,0.7323435406028737,0.658135710414681,0.6278998869056399,0.6085164970251266,0.4515415252987166,0.78487485863205,0.3377554263645285,0.988,pathogenic_gof,pathogenic,T2: moderate structural evidence,binding
pi3k,H1047R,pik3ca,False,no modeled lesion,structurally_silent,Tier 2,2,4.0,4.0,0,False,1.5867,-1.5867,2.321,2.321,pik3r1,0.386,-0.386,pik3r1,2.321,0.800344827586207,0.44455085232714037,0.6666666666666666,0.5556087594969035,complex_context,pik3r1,2.321,True,ISDS-v1,0.7335057471264368,0.6087463084303277,0.6457629294205878,0.5740510267579341,0.5778203409308561,0.533397178062951,0.5556087594969035,0.22227542616357018,-0.02143985468702364,0.538,pathogenic_gof,pathogenic,T2: moderate structural evidence,binding
pi3k,N564D,pik3r1,False,no modeled lesion,structurally_silent,Tier 2,2,4.5,3.0,1,True,2.1325,2.1325,3.7317,3.7317,pik3ca,3.0957,3.0957,pik3ca,3.7317,1.2867931034482758,0.5627063950419952,0.6666666666666666,0.6146865308543309,complex_context,pik3ca,3.7317,True,ISDS-v1,0.8333333333333333,0.695255850834818,0.7281341679252477,0.6327460136613337,0.625082558016798,0.6042905036918638,0.6146865308543309,0.7813531975209975,0.19755780413371477,0.999,pathogenic,likely_pathogenic,T2: moderate structural evidence,binding
pi3k,M326I,pik3r1,False,no modeled lesion,structurally_silent,Tier 4,4,0.0,0.0,0,False,0.4337,0.4337,0.263,0.263,pik3ca,0.0,0.0,pik3ca,0.4337,0.14955172413793102,0.13009568947415784,0.0,0.06504784473707892,monomer,,0.4337,True,ISDS-v1,0.07477586206896551,0.06945305123586282,0.07395342451538618,0.07391689675154241,0.052038275789663135,0.0780574136844947,0.06504784473707892,0.06504784473707892,-1.2995963462677051,0.253,benign,likely_benign,T4: minimal structural evidence,population
mlh1_pms2,Q542L,mlh1,True,structural mechanism,ppi_destab_mechanism,Tier 1,1,5.5,4.0,1,True,0.7965,-0.7965,1.0732,1.0732,pms2,0.3927,-0.3927,pms2,1.0732,0.3700689655172414,0.27010973522601434,1.0,0.6350548676130072,complex_context,pms2,1.0732,True,ISDS-v1,0.6850344827586207,0.6546566522852109,0.6735328857678058,0.6501735139370872,0.7080438940904057,0.5620658411356086,0.4683882009463405,0.6350548676130072,0.2774367752936429,0.918,pathogenic,likely_pathogenic,T1: strong structural evidence,binding
mlh1_pms2,L749P,mlh1,True,structural mechanism,mixed_structural,Tier 2,2,4.5,3.0,1,True,0.9511,0.9511,5.1714,5.1714,pms2,1.9563,1.9563,pms2,5.1714,1.783241379310345,0.640706692767054,0.6666666666666666,0.6536866797168603,complex_context,pms2,5.1714,True,ISDS-v1,0.8333333333333333,0.7492871273271313,0.7694418857799669,0.6703904545889059,0.6562826771068215,0.6510906823268992,0.6536866797168603,0.8203533463835271,0.4210574351000557,0.999,pathogenic,pathogenic,T2: moderate structural evidence,binding
mlh1_pms2,R755W,mlh1,True,structural mechanism,fold_mechanism,Tier 2,2,4.5,3.0,1,True,0.9673,0.9673,0.9432,-0.9432,pms2,9.6643,-9.6643,pms2,9.6643,2.7612285714285716,0.7341294257955228,0.6666666666666666,0.7003980462310947,binding,pms2,-9.6643,True,ISDS-v1,0.8333333333333333,0.8017263045094707,0.803452913698911,0.7305736184298863,0.693651770318209,0.7071443221439804,0.7003980462310947,0.8670647128977613,1.1185371127889305,0.986,pathogenic,likely_pathogenic,T2: moderate structural evidence,both
mlh1_pms2,V384D,mlh1,False,no modeled lesion,structurally_silent,Tier 3,3,1.75,0.7,1,True,0.8679,-0.8679,1.1253,1.1253,pms2,1.5634,-1.5634,pms2,1.5634,0.44668571428571424,0.30876486155547656,0.3333333333333333,0.3210490974444049,binding,pms2,-1.5634,True,ISDS-v1,0.3900095238095238,0.346794196977778,0.3705899662287858,0.3590425095568571,0.3235059446221906,0.31859225026661925,0.15438243077773828,0.6543824307777383,-0.6316356205570424,0.988,benign,benign,T3: uncertain structural evidence,functional
mlh1_pms2,G857A,pms2,False,no modeled lesion,structurally_silent,Tier 2,2,4.5,3.0,1,True,0.8024,-0.8024,0.9481,-0.9481,mlh1,0.0015,-0.0015,mlh1,0.9481,0.3269310344827587,0.2463813310464905,0.6666666666666666,0.4565239988565786,complex_context,mlh1,-0.9481,True,ISDS-v1,0.4967988505747126,0.47276659600594173,0.48870617812006134,0.47081484489042275,0.49855253241859615,0.41449546529456094,0.4565239988565786,0.6231906655232452,-0.2345694256765975,0.077,benign,vus_mid,T2: moderate structural evidence,population
mlh1_pms2,H718Y,mlh1,False,no modeled lesion,structurally_silent,Tier 3,3,2.0,2.0,0,False,0.83,-0.83,1.2012,-1.2012,pms2,0.0011,-0.0011,pms2,1.2012,0.41420689655172416,0.2928898858870575,0.3333333333333333,0.3131116096101954,complex_context,pms2,-1.2012,True,ISDS-v1,0.37377011494252876,0.336234563369218,0.35800575457152073,0.32893836233293705,0.317155954354823,0.3090672648655678,0.3131116096101954,0.14644494294352875,-0.6878637002514291,0.225,benign,benign,T3: uncertain structural evidence,functional
mlh1_pms2,K618E,mlh1,False,no modeled lesion,structurally_silent,Tier 2,2,3.0,3.0,0,False,1.0894,1.0894,1.1737,1.1737,pms2,0.2715,-0.2715,pms2,1.1737,0.40472413793103446,0.28811645432898836,0.6666666666666666,0.4773915604978275,complex_context,pms2,1.1737,True,ISDS-v1,0.5356954022988505,0.4997529184122175,0.5209146720020107,0.49307691609730425,0.5152465817315953,0.43953653926405967,0.4773915604978275,0.14405822716449418,-0.19954718719218656,0.649,benign,benign,T2: moderate structural evidence,functional
msh2_msh6,G674R,msh2,False,no modeled lesion,structurally_silent,Tier 2,2,4.0,4.0,0,False,3.9881,3.9881,2.8908,2.8908,msh6,0.9677,0.9677,msh6,3.9881,1.3752068965517243,0.5789840449470827,0.6666666666666666,0.6228253558068746,monomer,,3.9881,True,ISDS-v1,0.8333333333333333,0.7069396885456278,0.7377224215794074,0.6406729242767528,0.6315936179788331,0.6140570936349162,0.6228253558068746,0.28949202247354133,0.23736144751759325,0.999,pathogenic,pathogenic,T2: moderate structural evidence,binding
msh2_msh6,A636P,msh2,False,no modeled lesion,structurally_silent,Tier 3,3,2.0,2.0,0,False,4.8866,4.8866,5.3805,5.3805,msh6,0.9592,0.9592,msh6,5.3805,1.8553448275862068,0.6497796026809975,0.3333333333333333,0.49155646800716546,complex_context,msh6,5.3805,True,ISDS-v1,0.6666666666666666,0.5884671653242117,0.606806306309715,0.5080472897235793,0.459911841072399,0.5232010949419319,0.49155646800716546,0.3248898013404988,-0.039067417902586665,0.896,pathogenic,pathogenic,T3: uncertain structural evidence,functional
msh2_msh6,C697F,msh2,False,no modeled lesion,structurally_silent,Tier 1,1,6.0,6.0,0,False,13.2941,13.2941,15.2559,15.2559,msh6,0.9592,0.9592,msh6,15.2559,5.260655172413793,0.8402723081753039,1.0,0.9201361540876519,complex_context,msh6,15.2559,True,ISDS-v1,1.0,0.9974040489934133,0.9912040818084052,0.9296008650645701,0.9361089232701215,0.9041633849051823,0.9201361540876519,0.4201361540876519,2.479165063205238,0.991,pathogenic,pathogenic,T1: strong structural evidence,binding
msh2_msh6,N127S,msh2,False,no modeled lesion,structurally_silent,Tier 2,2,3.0,3.0,0,False,1.4817,1.4817,0.0316,-0.0316,msh6,0.9592,0.9592,msh6,1.4817,0.5109310344827587,0.3381564233060228,0.6666666666666666,0.5024115449863447,monomer,,1.4817,True,ISDS-v1,0.5887988505747126,0.5333649548817094,0.5608252890000918,0.5193970749512352,0.5352625693224091,0.4695605206502803,0.5024115449863447,0.1690782116530114,-0.15173313819751194,0.348,benign,benign,T2: moderate structural evidence,binding
msh2_msh6,G322D,msh2,False,no modeled lesion,structurally_silent,Tier 4,4,1.0,1.0,0,False,,,2.0405,2.0405,msh6,0.959,0.959,msh6,2.0405,0.7036206896551725,0.4130148770367372,0.0,0.2065074385183686,complex_context,msh6,2.0405,True,ISDS-v1,0.3518103448275863,0.2526047132198481,0.28772399928501796,0.22469992291597843,0.1652059508146949,0.24780892622204231,0.2065074385183686,0.2065074385183686,-1.050156041317565,0.323,benign,benign,T4: minimal structural evidence,binding
vhl_elonginc,L158Q,vhl,True,structural mechanism,mixed_structural,Tier 2,2,4.5,3.0,1,True,0.1901,-0.1901,2.9118,2.9118,tceb1,2.8534,2.8534,tceb1,2.9118,1.0040689655172415,0.5010151760211983,0.6666666666666666,0.5838409213439324,complex_context,tceb1,2.9118,True,ISDS-v1,0.8333333333333333,0.6501405364939072,0.6876038315661989,0.6023565788339061,0.6004060704084793,0.5672757722793856,0.5838409213439324,0.7505075880105991,0.07027618474821574,0.996,pathogenic,likely_pathogenic,T2: moderate structural evidence,binding
vhl_elonginc,Y98H,vhl,False,no modeled lesion,structurally_silent,Tier 2,2,4.0,4.0,0,False,1.285,1.285,1.2525,1.2525,tceb1,0.0,0.0,tceb1,1.285,0.44310344827586207,0.30704898446833934,0.6666666666666666,0.486857825567503,monomer,,1.285,True,ISDS-v1,0.5548850574712644,0.512312940513356,0.5358905409601941,0.503082342580361,0.5228195937873357,0.45089605734767024,0.486857825567503,0.15352449223416967,-0.18226892857820187,0.973,pathogenic,pathogenic,T2: moderate structural evidence,binding
kras_craf,G12D,kras,False,no modeled lesion,structurally_silent,Tier 3,3,2.0,2.0,0,False,0.1249,-0.1249,2.2859,-2.2859,raf1,0.057,0.057,raf1,2.2859,0.7882413793103448,0.44079137661736634,0.3333333333333333,0.3870623549753498,complex_context,raf1,-2.2859,True,ISDS-v1,0.5607873563218391,0.43934484748950475,0.47619062100914045,0.40548277231032825,0.3763165506469465,0.39780815930375313,0.3870623549753498,0.22039568830868317,-0.5194744179640151,0.998,pathogenic_gof,pathogenic,T3: uncertain structural evidence,binding
kras_craf,G12V,kras,False,no modeled lesion,structurally_silent,Tier 3,3,2.0,2.0,0,False,0.4266,0.4266,0.2483,-0.2483,raf1,0.058,0.058,raf1,0.4266,0.14710344827586205,0.12823904286659052,0.3333333333333333,0.23078618809996193,monomer,,0.4266,True,ISDS-v1,0.24021839080459767,0.23506432878570446,0.23943526936253576,0.23954987585138612,0.2512956171466362,0.21027675905328763,0.23078618809996193,0.06411952143329526,-0.8081129286646593,0.995,pathogenic_gof,pathogenic,T3: uncertain structural evidence,binding
kras_craf,Q61H,kras,False,no modeled lesion,structurally_silent,Tier 4,4,0.0,0.0,0,False,0.7045,0.7045,0.122,0.122,raf1,0.0015,-0.0015,raf1,0.7045,0.24293103448275863,0.1954501317797198,0.0,0.0977250658898599,monomer,,0.7045,True,ISDS-v1,0.12146551724137931,0.10783719833635147,0.11803256585364398,0.1099235450148229,0.07818005271188792,0.11727007906783186,0.0977250658898599,0.0977250658898599,-1.2575572408529068,0.998,pathogenic_gof,pathogenic,T4: minimal structural evidence,binding
hemoglobin_dimer,E6V,hbb,False,no modeled lesion,structurally_silent,Tier 3,3,2.0,2.0,0,False,0.717,0.717,0.8044,0.8044,hba1,0.0193,-0.0193,hba1,0.8044,0.2773793103448276,0.2171471763308498,0.3333333333333333,0.2752402548320916,complex_context,hba1,0.8044,True,ISDS-v1,0.30535632183908046,0.28778315980468205,0.30031035693778396,0.288383165879837,0.28685887053233994,0.2636216391318432,0.2752402548320916,0.1085735881654249,-0.749463098436776,0.223,pathogenic,pathogenic,T3: uncertain structural evidence,binding
hemoglobin_tetramer,W37Y,hbb,True,structural mechanism,mixed_structural,Tier 2,2,3.5,2.0,1,True,0.2176,0.2176,2.8501,2.8501,hbb_2,1.5986,1.5986,hba1_2,2.8501,0.9827931034482759,0.49566094502704305,0.6666666666666666,0.5811638058468549,complex_context,hbb_2,2.8501,True,ISDS-v1,0.8247298850574712,0.6462011939603323,0.6838053520273344,0.5996928406322624,0.5982643780108172,0.5640632336828925,0.41449713918018816,0.7478304725135215,0.060697850907399424,0.894,pathogenic,,T2: moderate structural evidence,binding
hemoglobin_tetramer,W37A,hbb,True,structural mechanism,mixed_structural,Tier 1,1,5.5,4.0,1,True,1.8174,1.8174,6.1596,6.1596,hbb_2,4.5339,4.5339,hba1_2,6.1596,2.124,0.6798975672215108,1.0,0.8399487836107554,complex_context,hbb_2,6.1596,True,ISDS-v1,1.0,0.9402237695143095,0.9523707296183022,0.8556515312485565,0.8719590268886044,0.8079385403329065,0.6732821169440888,0.8399487836107554,1.0670516415485547,0.969,pathogenic,,T1: strong structural evidence,binding
hemoglobin_tetramer,W37G,hbb,True,structural mechanism,mixed_structural,Tier 1,1,5.5,4.0,1,True,2.4086,2.4086,7.7632,7.7632,hbb_2,5.449,5.449,hba1_2,7.7632,2.6769655172413795,0.7280366118988671,1.0,0.8640183059494335,complex_context,hbb_2,7.7632,True,ISDS-v1,1.0,0.9656142380746646,0.968386375996818,0.8782056278743471,0.8912146447595468,0.8368219671393202,0.6973516392827669,0.8640183059494335,1.3159951771584903,0.94,pathogenic,,T1: strong structural evidence,binding
hemoglobin_tetramer,W37E,hbb,True,structural mechanism,mixed_structural,Tier 1,1,5.5,4.0,1,True,0.6781,0.6781,5.878,5.878,hbb_2,5.1379,5.1379,hba1_2,5.878,2.026896551724138,0.6696286169970381,1.0,0.8348143084985191,complex_context,hbb_2,5.878,True,ISDS-v1,1.0,0.9341281263640793,0.9483972923832775,0.8507997135354499,0.8678514467988152,0.8017771701982228,0.6681476418318524,0.8348143084985191,1.0233359396105666,0.993,pathogenic,,T1: strong structural evidence,binding
hemoglobin_tetramer,N102T,hbb,True,structural mechanism,mixed_structural,Tier 1,1,6.5,5.0,1,True,0.7689,-0.7689,0.4251,-0.4251,hbb_2,0.1374,-0.1374,hba1_2,0.7689,0.2651379310344828,0.20957235138597402,1.0,0.604786175692987,monomer,,-0.7689,True,ISDS-v1,0.6325689655172414,0.6164499321183932,0.628141406200006,0.617608369788002,0.6838289405543896,0.5257434108315844,0.604786175692987,0.604786175692987,0.23019711584857971,0.969,pathogenic,vus_low,T1: strong structural evidence,binding
troponin_ic,R145G,tnni3,False,no modeled lesion,structurally_silent,Tier 3,3,2.5,1.0,1,True,2.0291,2.0291,3.6898,3.6898,tnnc1,0.7613,0.7613,tnnc1,3.6898,1.2723448275862068,0.5599259461592156,0.3333333333333333,0.44662963974627445,complex_context,tnnc1,3.6898,True,ISDS-v1,0.6666666666666666,0.5265797209276702,0.5597807285157196,0.4647215311210917,0.42397037846368624,0.46928890102886267,0.2799629730796078,0.7799629730796078,-0.301532393991211,0.971,pathogenic,pathogenic,T3: uncertain structural evidence,binding
troponin_ic,R145Q,tnni3,False,no modeled lesion,structurally_silent,Tier 3,3,1.5,0.0,1,True,0.45,0.45,2.5295,2.5295,tnnc1,0.6395,0.6395,tnnc1,2.5295,0.8722413793103448,0.46588083617275994,0.3333333333333333,0.3996070847530466,complex_context,tnnc1,2.5295,True,ISDS-v1,0.6027873563218391,0.45765988092277987,0.4953298488507897,0.4181330152102595,0.386352334469104,0.41286183503698926,0.23294041808637997,0.73294041808638,-0.48165785194095423,0.687,pathogenic,pathogenic,T3: uncertain structural evidence,binding
troponin_ic,P82S,tnni3,False,no modeled lesion,structurally_silent,Tier 4,4,0.0,0.0,0,False,0.6571,0.6571,0.4696,0.4696,tnnc1,0.0,0.0,tnnc1,0.6571,0.22658620689655173,0.18472913328273033,0.0,0.09236456664136516,monomer,,0.6571,True,ISDS-v1,0.11329310344827587,0.10137469457523435,0.11049219701720711,0.10406702353425613,0.07389165331309214,0.11083747996963819,0.09236456664136516,0.09236456664136516,-1.2649156367046845,0.127,benign,benign,T4: minimal structural evidence,population
cam_cav12,D96V,calm1,False,no modeled lesion,structurally_silent,Tier 2,2,3.5,2.0,1,True,0.4139,0.4139,0.9439,0.9439,cacna1c,1.8364,-1.8364,cacna1c,1.8364,0.5246857142857143,0.34412712690203134,0.6666666666666666,0.505396896784349,binding,cacna1c,-1.8364,True,ISDS-v1,0.5956761904761905,0.5374626778404847,0.565641190460462,0.5450757925160655,0.5376508507608125,0.4731429428078855,0.33873023011768233,0.6720635634510157,-0.09666936164422921,0.984,pathogenic,pathogenic,T2: moderate structural evidence,functional
cam_cav12,N98S,calm1,False,no modeled lesion,structurally_silent,Tier 4,4,1.0,1.0,0,False,0.001,0.001,0.266,0.266,cacna1c,0.0601,-0.0601,cacna1c,0.266,0.0917241379310345,0.08401768793430196,0.0,0.04200884396715098,complex_context,cacna1c,0.266,True,ISDS-v1,0.04586206896551725,0.04382160026625187,0.04567035178083671,0.04808387563268258,0.03360707517372079,0.050410612760581175,0.04200884396715098,0.04200884396715098,-1.3256301645027926,0.209,pathogenic,pathogenic,T4: minimal structural evidence,functional
cam_cav12,F142L,calm1,False,no modeled lesion,structurally_silent,Tier 1,1,5.5,4.0,1,True,0.706,0.706,0.5781,0.5781,cacna1c,0.5057,-0.5057,cacna1c,0.706,0.24344827586206896,0.19578480310593455,1.0,0.5978924015529673,monomer,,0.706,True,ISDS-v1,0.6217241379310345,0.6080399887144896,0.6182698301865438,0.6101060511540861,0.6783139212423738,0.5174708818635607,0.43122573488630056,0.5978924015529673,0.22043249350518673,0.998,pathogenic,pathogenic,T1: strong structural evidence,functional
smad4_smad3,D351H,smad4,True,structural mechanism,ppi_destab_mechanism,Tier 1,1,5.0,5.0,0,False,12.1121,12.1121,10.6908,10.6908,smad3,0.2184,0.2184,smad3,12.1121,4.176586206896552,0.8068224965194742,1.0,0.9034112482597372,monomer,,12.1121,True,ISDS-v1,1.0,0.9923245886239236,0.9862564783130234,0.9144544589757804,0.9227289986077897,0.8840934979116846,0.9034112482597372,0.4034112482597371,1.9911202345381664,1.0,pathogenic,likely_pathogenic,T1: strong structural evidence,binding
smad4_smad3,R361C,smad4,True,structural mechanism,ppi_destab_mechanism,Tier 1,1,5.5,4.0,1,True,2.7454,2.7454,7.427,7.427,smad3,3.6093,3.6093,smad3,7.427,2.5610344827586204,0.719182724895904,1.0,0.859591362447952,complex_context,smad3,7.427,True,ISDS-v1,1.0,0.9613875943140486,0.9657535767229695,0.8740807897652866,0.8876730899583616,0.8315096349375424,0.6929246957812853,0.859591362447952,1.2638033483532642,0.998,pathogenic,pathogenic,T1: strong structural evidence,binding
smad4_smad3,I500T,smad4,False,no modeled lesion,structurally_silent,Tier 2,2,4.0,4.0,0,False,1.6233,1.6233,0.7501,0.7501,smad3,0.0,0.0,smad3,1.6233,0.5597586206896552,0.35887515751774146,0.6666666666666666,0.512770912092204,monomer,,1.6233,True,ISDS-v1,0.6132126436781609,0.5476598540630819,0.5775548421716336,0.5301780935981697,0.5435500630070965,0.4819917611773116,0.512770912092204,0.17943757875887073,-0.12975109489346673,0.991,pathogenic_gof,pathogenic,T2: moderate structural evidence,functional
smad4_smad3,I500V,smad4,False,no modeled lesion,structurally_silent,Tier 3,3,2.0,2.0,0,False,0.9476,0.9476,0.1427,0.1427,smad3,0.0,0.0,smad3,0.9476,0.32675862068965517,0.2462833974425616,0.3333333333333333,0.28980836538794746,monomer,,0.9476,True,ISDS-v1,0.33004597701149424,0.3060377573009211,0.3219654790115384,0.30409560273813663,0.29851335897702463,0.2811033717988703,0.28980836538794746,0.1231416987212808,-0.7272326704626286,0.616,pathogenic_gof,pathogenic,T3: uncertain structural evidence,functional
cfh_c3b,R78G,cfh,True,structural mechanism,ppi_destab_mechanism,Tier 1,1,6.5,5.0,1,True,0.9297,0.9297,4.8753,4.8753,c3b,6.1211,6.1211,c3b,6.1211,1.7488857142857144,0.6362162330710626,1.0,0.8181081165355313,binding,c3b,6.1211,True,ISDS-v1,1.0,0.9130161574025351,0.9340534801316989,0.8550069016714805,0.8544864932284251,0.7817297398426375,0.8181081165355313,0.8181081165355313,1.0610748854242205,0.398,pathogenic,Pathogenic,,binding
cfh_c3b,R53H,cfh,False,no modeled lesion,structurally_silent,Tier 4,4,1.0,1.0,0,False,0.4688,0.4688,1.3156,1.3156,c3b,0.0075,0.0075,c3b,1.3156,0.45365517241379316,0.31207894487142995,0.0,0.15603947243571498,complex_context,c3b,1.3156,True,ISDS-v1,0.22682758620689658,0.1823491174730953,0.20656545237436474,0.17239752594611596,0.12483157794857198,0.18724736692285796,0.15603947243571498,0.15603947243571498,-1.1626898209157457,0.2427,pathogenic,Pathogenic,,functional
cfh_c3b,I62V,cfh,False,no modeled lesion,structurally_silent,Tier 2,2,4.0,4.0,0,False,0.714,0.714,0.3759,0.3759,c3b,0.0052,0.0052,c3b,0.714,0.24620689655172415,0.19756502490315442,0.6666666666666666,0.4321158457849105,monomer,,0.714,True,ISDS-v1,0.4564367816091954,0.44245310100942203,0.45286714134512585,0.44440987347023436,0.47902600996126177,0.3852056816085593,0.4321158457849105,0.09878251245157721,-0.2709112077209265,0.0589,benign,Benign,,population
vwf_gpiba,R1334Q,vwf,True,structural mechanism,ppi_destab_mechanism,Tier 1,1,5.5,4.0,1,True,0.0051,0.0051,4.7285,4.7285,gpibalpha,4.1078,4.1078,gpibalpha,4.7285,1.6305172413793105,0.6198466277774137,1.0,0.8099233138887069,complex_context,gpibalpha,4.7285,True,ISDS-v1,1.0,0.9020858712757058,0.9262248215096242,0.8270733900532614,0.8479386511109654,0.7719079766664483,0.6432566472220402,0.8099233138887069,0.8448870781840132,,pathogenic,VUS,,binding
vwf_gpiba,A1381T,vwf,False,no modeled lesion,structurally_silent,Tier 2,2,4.0,4.0,0,False,0.0984,-0.0984,0.1061,-0.1061,gpibalpha,0.0015,-0.0015,gpibalpha,0.1061,0.036586206896551725,0.0352949003692492,0.6666666666666666,0.3509807835179579,complex_context,gpibalpha,-0.1061,True,ISDS-v1,0.35162643678160915,0.3512958431324365,0.35161420593723847,0.35368942097386896,0.41411796014769964,0.2878436068882162,0.3509807835179579,0.0176474501846246,-0.36528185831788323,,benign,Benign,,population
