system,variant,numeric_fields_match,maximum_numeric_delta,text_fields_match,availability_matches,all_fields_match
brca1_bard1,C61G,True,4.224333882696385e-09,True,True,True
brca1_bard1,E100Q,True,4.387942564854086e-09,True,True,True
brca1_bard1,K45R,True,4.196651776089411e-09,True,True,True
brca1_bard1,V11G,True,3.452774954837423e-09,True,True,True
brca1_brct,A1843P,True,0.0,True,True,True
brca1_brct,L1664P,True,0.0,True,True,True
brca1_brct,M1663K,True,0.0,True,True,True
brca1_brct,M1783T,True,0.0,True,True,True
brca1_brct,P1806A,True,0.0,True,True,True
brca1_brct,R1699L,True,0.0,True,True,True
brca1_brct,R1699Q,True,0.0,True,True,True
brca1_brct,R1751Q,True,0.0,True,True,True
brca1_brct,V1665M,True,0.0,True,True,True
brca1_brct,V1736A,True,0.0,True,True,True
brca1_brct,V1808A,True,0.0,True,True,True
brca1_brct,Y1853C,True,0.0,True,True,True
cam_cav12,D96V,True,4.285714338969626e-09,True,True,True
cam_cav12,F142L,True,4.137931025605113e-09,True,True,True
cam_cav12,N98S,True,3.967150982719936e-09,True,True,True
cfh_c3b,I62V,True,4.9031544102629e-09,True,True,True
cfh_c3b,R53H,True,4.871429926112114e-09,True,True,True
cfh_c3b,R78G,True,4.285714449991929e-09,True,True,True
hemoglobin_dimer,E6V,True,4.832091560214025e-09,True,True,True
hemoglobin_tetramer,N102T,True,4.307012968496338e-09,True,True,True
hemoglobin_tetramer,W37A,True,3.6107554723940893e-09,True,True,True
hemoglobin_tetramer,W37E,True,3.002961879161603e-09,True,True,True
hemoglobin_tetramer,W37G,True,4.050566437818759e-09,True,True,True
hemoglobin_tetramer,W37Y,True,4.972956935134221e-09,True,True,True
kras_craf,G12D,True,4.975349798819195e-09,True,True,True
kras_craf,G12V,True,3.333333331578814e-09,True,True,True
kras_craf,Q61H,True,4.4827586365148164e-09,True,True,True
mlh1_pms2,G857A,True,4.482758664270392e-09,True,True,True
mlh1_pms2,H718Y,True,4.112942486589333e-09,True,True,True
mlh1_pms2,K618E,True,4.328988334467709e-09,True,True,True
mlh1_pms2,L749P,True,3.333333387089965e-09,True,True,True
mlh1_pms2,Q542L,True,4.773985651240764e-09,True,True,True
mlh1_pms2,R755W,True,4.204477210834057e-09,True,True,True
mlh1_pms2,V384D,True,4.285714227947324e-09,True,True,True
msh2_msh6,A636P,True,3.333333331578814e-09,True,True,True
msh2_msh6,C697F,True,4.087651883644128e-09,True,True,True
msh2_msh6,G322D,True,2.9632627462916616e-09,True,True,True
msh2_msh6,G674R,True,4.947082632433819e-09,True,True,True
msh2_msh6,N127S,True,4.9863446704989656e-09,True,True,True
pi3k,E542K,True,3.742071985612938e-09,True,True,True
pi3k,E545K,True,3.333333387089965e-09,True,True,True
pi3k,H1047R,True,3.333333387089965e-09,True,True,True
pi3k,M326I,True,4.737078923566784e-09,True,True,True
pi3k,N564D,True,4.958004895527779e-09,True,True,True
smad4_smad3,D351H,True,3.480525756494046e-09,True,True,True
smad4_smad3,I500T,True,3.333333387089965e-09,True,True,True
smad4_smad3,I500V,True,4.6120525176718274e-09,True,True,True
smad4_smad3,R361C,True,4.895903904511556e-09,True,True,True
troponin_ic,P82S,True,3.358634828587448e-09,True,True,True
troponin_ic,R145G,True,3.840784357223015e-09,True,True,True
troponin_ic,R145Q,True,4.753046622951729e-09,True,True,True
troponin_ic,R162W,True,3.824142558173094e-09,True,True,True
vhl_elonginc,L158Q,True,4.482758608759241e-09,True,True,True
vhl_elonginc,W117R,True,4.827585886602037e-09,True,True,True
vhl_elonginc,Y98H,True,4.4683393096711654e-09,True,True,True
vwf_gpiba,A1381T,True,3.5179579249700055e-09,True,True,True
vwf_gpiba,R1334Q,True,3.888706912036355e-09,True,True,True
