system,variant,phenotype,clinical_y,AM pathogenicity,isds_v1,isds_energy_component,isds_context_component,isds_dominant_axis
brca1_bard1,V11G,pathogenic,1,0.705,0.76585334,0.53170669,1.0,complex_context
brca1_bard1,C61G,pathogenic,1,0.99,0.85023755,0.70047511,1.0,complex_context
brca1_bard1,K45R,benign,0,0.081,0.20779139,0.08224944,0.33333333,complex_context
brca1_bard1,E100Q,benign,0,0.07,0.04846947,0.09693893,0.0,monomer
pi3k,E542K,pathogenic_gof,1,0.941,0.59383809,0.52100951,0.66666667,complex_context
pi3k,E545K,pathogenic_gof,1,0.988,0.61820819,0.56974972,0.66666667,binding
pi3k,H1047R,pathogenic_gof,1,0.538,0.55560876,0.44455085,0.66666667,complex_context
pi3k,N564D,pathogenic,1,0.999,0.61468653,0.5627064,0.66666667,complex_context
pi3k,M326I,benign,0,0.253,0.06504784,0.13009569,0.0,monomer
mlh1_pms2,Q542L,pathogenic,1,0.918,0.63505487,0.27010974,1.0,complex_context
mlh1_pms2,L749P,pathogenic,1,0.999,0.65368668,0.64070669,0.66666667,complex_context
mlh1_pms2,R755W,pathogenic,1,0.986,0.70039805,0.73412943,0.66666667,binding
mlh1_pms2,V384D,benign,0,0.988,0.3210491,0.30876486,0.33333333,binding
mlh1_pms2,G857A,benign,0,0.077,0.456524,0.24638133,0.66666667,complex_context
mlh1_pms2,H718Y,benign,0,0.225,0.31311161,0.29288989,0.33333333,complex_context
mlh1_pms2,K618E,benign,0,0.649,0.47739156,0.28811645,0.66666667,complex_context
msh2_msh6,G674R,pathogenic,1,0.999,0.62282536,0.57898404,0.66666667,monomer
msh2_msh6,A636P,pathogenic,1,0.896,0.49155647,0.6497796,0.33333333,complex_context
msh2_msh6,C697F,pathogenic,1,0.991,0.92013615,0.84027231,1.0,complex_context
msh2_msh6,N127S,benign,0,0.348,0.50241154,0.33815642,0.66666667,monomer
msh2_msh6,G322D,benign,0,0.323,0.20650744,0.41301488,0.0,complex_context
vhl_elonginc,L158Q,pathogenic,1,0.996,0.58384092,0.50101518,0.66666667,complex_context
vhl_elonginc,W117R,pathogenic,1,0.999,0.80289272,0.60578544,1.0,complex_context
vhl_elonginc,Y98H,pathogenic,1,0.973,0.48685783,0.30704898,0.66666667,monomer
kras_craf,G12D,pathogenic_gof,1,0.998,0.38706235,0.44079138,0.33333333,complex_context
kras_craf,G12V,pathogenic_gof,1,0.995,0.23078619,0.12823904,0.33333333,monomer
kras_craf,Q61H,pathogenic_gof,1,0.998,0.09772507,0.19545013,0.0,monomer
hemoglobin_dimer,E6V,pathogenic,1,0.223,0.27524025,0.21714718,0.33333333,complex_context
hemoglobin_tetramer,W37Y,pathogenic,1,0.894,0.58116381,0.49566095,0.66666667,complex_context
hemoglobin_tetramer,W37A,pathogenic,1,0.969,0.83994878,0.67989757,1.0,complex_context
hemoglobin_tetramer,W37G,pathogenic,1,0.94,0.86401831,0.72803661,1.0,complex_context
hemoglobin_tetramer,W37E,pathogenic,1,0.993,0.83481431,0.66962862,1.0,complex_context
hemoglobin_tetramer,N102T,pathogenic,1,0.969,0.60478618,0.20957235,1.0,monomer
troponin_ic,R145G,pathogenic,1,0.971,0.44662964,0.55992595,0.33333333,complex_context
troponin_ic,R145Q,pathogenic,1,0.687,0.39960708,0.46588084,0.33333333,complex_context
troponin_ic,R162W,pathogenic,1,0.411,0.48986166,0.31305666,0.66666667,complex_context
troponin_ic,P82S,benign,0,0.127,0.09236457,0.18472913,0.0,monomer
cam_cav12,D96V,pathogenic,1,0.984,0.5053969,0.34412713,0.66666667,binding
cam_cav12,N98S,pathogenic,1,0.209,0.04200884,0.08401769,0.0,complex_context
cam_cav12,F142L,pathogenic,1,0.998,0.5978924,0.1957848,1.0,monomer
smad4_smad3,D351H,pathogenic,1,1.0,0.90341125,0.8068225,1.0,monomer
smad4_smad3,R361C,pathogenic,1,0.998,0.85959136,0.71918272,1.0,complex_context
smad4_smad3,I500T,pathogenic_gof,1,0.991,0.51277091,0.35887516,0.66666667,monomer
smad4_smad3,I500V,pathogenic_gof,1,0.616,0.28980837,0.2462834,0.33333333,monomer
cfh_c3b,R78G,pathogenic,1,0.398,0.81810812,0.63621623,1.0,binding
cfh_c3b,R53H,pathogenic,1,0.2427,0.15603947,0.31207894,0.0,complex_context
cfh_c3b,I62V,benign,0,0.0589,0.43211585,0.19756502,0.66666667,monomer
