kind,owner,item,detail,effort
BLOCKER,you,"Author list, affiliations, corresponding email, acknowledgments","Four placeholders in the title block: [AUTHOR LIST TO BE SUPPLIED], [AFFILIATIONS TO BE SUPPLIED], [EMAIL TO BE SUPPLIED], [ACKNOWLEDGMENTS TO BE SUPPLIED]. Cannot submit without these.","you supply, I insert"
BLOCKER,you,"Funding statement, competing interests, author contributions","Absent from the manuscript. PLOS collects these on the submission form rather than in the file, so confirm whether your target journal wants them in-text.",you supply
DECISION,you,"S2 Text cites 'related MLH1 studies [56,57]'","Wrong, and the intended pair is ambiguous. Plausible: Kosinski [32], Hinrichsen [33], Raevaara [34]. Left as found rather than guessed.",one line once you say which
DECISION,you,Attribution rule has no branch for complex-fold-only lesions,"derive_expected_mech_class folds isolated-fold and complex-fold into one class, but the attribution rule checks the isolated axis only, so BRCA1 C61G cannot be credited though its complex-fold axis fires at 6.78. Crediting it moves attribution 14 -> 15 of 29. A published metric, so your call.",~1 hour if you want it
DECISION,you,Abstract is exactly 300 words,At the PLOS limit with no margin. Fine as-is; trimming 10-15 words gives room if an editor asks.,30 min if wanted
COSMETIC,me,Supplement directory still named COMAVI_v7.15_SI,"Holds v8.4 content. The zip ships it as SI/, so the deliverable is unaffected.",10 min
KNOWN LIMIT,neither,13 axes rest on sources with no accessible copy,"11 unavailable, 2 where the source names the variant only by its trivial name. Documented in the audit report as not guaranteed.",needs the papers
KNOWN LIMIT,neither,9 axes cite population databases,gnomAD / ClinVar / InSiGHT queries rather than article claims; not re-queried.,optional re-query
KNOWN LIMIT,neither,5 Methods claims have no executable test,FoldX is licensed separately; the structure split is a table not a column; context attenuation is applied upstream; per-axis pLDDT decisions are not preserved; permutation machinery has no second implementation. Each recorded with its reason.,not closable here
