level,area,finding,action
Copyedit,Units,"kcal/mol: 53 uses, all with a space before the unit; 0 without. kJ/mol given twice as a parenthetical conversion.",Consistent — no change
Copyedit,Punctuation,"Numeric ranges: 15 en-dashes, 0 ASCII hyphens. Negative numbers: 8 Unicode minus, 0 ASCII hyphens.",Consistent — no change
Copyedit,Abbreviations,"COMAVI, ISDS, BRCT, PDB, pLDDT, ΔΔG and ROC AUC each expanded at first use. SKEMPI is left unexpanded as a database proper name, carried by its citation.",Verified — no change
Copyedit,Terminology,"'CI' never used; 'confidence interval' spelled out both times. 'Fig' used 21 times, 'Figure' never — consistent with PLOS. 'Tier' capitalised only before a numeral (8 times), lowercase as a common noun (26).",Consistent — no change
Copyedit,Spelling,"Paper is US English (-ize 44, and the 11 '-ise' forms are all words like 'raising', 'premise', 'noise', plus the FoldX command AnalyseComplex). Three British forms found.","FIXED: 'labelled'→'labeled' in the body; 'normalisation'→'normalization' and 'standardised'→'standardized' in S2 Text, and the matching labels in the generator"
Copyedit,Hyphenation,Compound modifiers hyphenated before a noun ('isolated-subunit stability') and open as noun phrases ('the isolated subunit alone'). Correct in every instance checked.,Verified — no change
Copyedit,Serial comma,Consistently absent in three-item lists.,Consistent — no change
Substantive,Redundancy,"8 sentence pairs share ≥45% of content words. Seven are structurally required: caption-vs-text, abstract-vs-introduction, and two parallel component sentences. One is a genuine near-duplicate — the four evidence states are defined in Results and again in Methods.","Kept: Methods must read standalone, and both statements are short. Flagged, not changed"
Substantive,Sentence length,"Median 20 words. Three sentences exceeded 50 words, two of them added earlier in this session.",FIXED: split the per-axis threshold sentence and the BuildModel/AnalyseComplex sentence. The 62-word Methods sentence on the FoldX protocol is a procedure list and was left
Substantive,Gopen principle 1 (subject then verb),"65 sentences place more than 8 words before the main verb. Most are fronted context clauses, which principle 6 explicitly endorses.","No systematic change — the fronted material is context, not burial"
Substantive,Gopen principle 5 (action in the verb),"28 sentences combine 3+ nominalisations with a copula. Inspected: most are definitional ('X is Y, not Z'), where a copula is the correct verb.",No change
Substantive,Paragraph length,"63 body paragraphs, median 47 words. Seven exceed 180 words.","Flagged, not changed — each is a single argument and splitting would add connective words"
Developmental,Argument structure,The Introduction asked four questions; Results had six sections. Sections 2–5 answer questions 1–4 in order. Section 6 — the orthogonality of structural disruption and pathogenicity — had no question behind it.,FIXED: see below
Developmental,Promise versus payoff,"The Introduction closed with 'We then compared the priority score with a pathogenicity predictor', which promises a head-to-head contest. Section 6 instead shows the two measure different things, with two fifths of the pathogenic class invisible to a structural method by construction. The structure set up a weaker expectation than the substance delivers — Gopen's principle 7, at document scale.","FIXED: now a fifth question — 'a structural score invites reading as a pathogenicity prediction: on the same variants, what do the two actually measure?'"
Developmental,Completeness,"FoldX version, structure provenance, software versions, statistical methods, the in-sample limitation, benchmark clustering, and the meaning of a silent result are all present. Repository URL is in Methods.",Verified — no change
Developmental,Archival DOI,The repository is cited as a GitHub URL with no DOI-bearing archive.,YOUR CALL: a Zenodo deposit would give a citable DOI; GitHub alone is not archival
Developmental,Submission placeholders,"Four remain: author list, affiliations, corresponding email, acknowledgments.",YOUR CALL
