item,kind,status,detail
Fig 2 panel A (attribution series),figure,STALE -> regenerated,"drawn from the pre-change record; now 0.621, 0.586, 0.552, 0.517, 0.448"
"Fig 1, 3, 4, 5 and S1-S5",figure,unchanged on re-render,none reads the attribution record
embedded copies in the .docx,figure,re-embedded,all 5 match the current renders
SI figure copies,figure,re-synced,5 byte-identical; manifest refreshed
Fig 2 caption,text,no change needed,describes the panels; quotes no attribution value
"Abstract, Results, threshold paragraph",text,updated in v8.6,"15 of 29; 0.517; ladder 18,17,16,15,13"
Table 2 attribution row,text,regenerated from the record,0.621 0.586 0.552 0.517 0.448
S3 Table threshold_sweep sheet,text,updated in v8.6,"reference, bound and three post-hoc rows"
S1/S2/S3 Text,text,no attribution values,swept; none present
