variant,ref_aa,position,alt_aa,foldx_ddg_monomer_mean,foldx_ddg_sd,n_runs,per_run_ddg
Y1853C,Y,1853,C,3.3869,0.1766,5,3.26888;3.45594;3.26984;3.66805;3.27185
A1843P,A,1843,P,6.4287,0.0165,5,6.41725;6.41288;6.44706;6.44598;6.4201
V1736A,V,1736,A,1.2414,0.001,5,1.24058;1.24223;1.24032;1.2426;1.24109
M1783T,M,1783,T,2.8551,0.0656,5,2.9561;2.8838;2.83195;2.8038;2.79993
V1808A,V,1808,A,3.5669,0.0258,5,3.52537;3.58653;3.57807;3.55845;3.58593
V1665M,V,1665,M,2.979,0.3602,5,3.43025;3.03295;3.18084;2.72942;2.52136
R1751Q,R,1751,Q,0.7285,0.0783,5,0.758477;0.634829;0.754379;0.665384;0.829514
L1664P,L,1664,P,0.5333,0.0744,5,0.43673;0.546054;0.636837;0.55289;0.493868
M1663K,M,1663,K,0.4458,0.0449,5,0.413229;0.38783;0.462082;0.500679;0.465005
P1806A,P,1806,A,1.6691,0.0185,5,1.6773;1.66482;1.66666;1.69373;1.6432
R1699L,R,1699,L,0.387,0.5647,5,-0.12941;0.209771;1.16555;0.773307;-0.0843564
R1699Q,R,1699,Q,1.768,0.782,5,0.422321;2.16323;2.31598;1.74815;2.19015
