claim,tested_against,outcome,detail
BuildModel was run five times per variant,scored_61var_canonical.csv *_runs vectors,PASS,"1 run-vector columns, every entry exactly 5 replicates"
Positive dDDG values are destabilizing,comavi_v7.isds.ISDS_ENERGY_ANCHORS,PASS,"energy anchors all positive: {'monomer': 2.9, 'complex_context': 2.9, 'binding': 3.5}"
Reference values are 2.9 kcal/mol for both stability axes and 3.5 for binding,comavi_v7.isds.ISDS_ENERGY_ANCHORS,PASS,"engine anchors equal the Methods values: {'monomer': 2.9, 'complex_context': 2.9, 'binding': 3.5}"
"R is the largest energy ratio, not a sum of correlated effects",comavi_v7.isds.calculate_isds_v1,PASS,calculate_isds_v1 uses max() and contains no sum()
"S = (E + C)/2, C maps Tiers 1-4 to 1, 2/3, 1/3, 0, and E = R/(1+R)",scored_61var_canonical.csv ISDS columns,PASS,"S = (E+C)/2 holds on 49 rows; C lands on {1, 2/3, 1/3, 0}; E within [0,1)"
"Experimental coordinates are not pLDDT-gated, and no variant is scored with every axis below the 50 admission floor",scored_61var_canonical.csv site_plddt_status vs all *_plddt columns,PASS,"status values ['confident', 'crystal', 'partial']; 30 crystal rows all at pLDDT 100; 31 non-crystal variants all with a best pLDDT at or above the 50 floor (min 68.5)"
"The isolated subunit is a separate single-chain model, not a chain extracted from the complex",scored_61var_canonical.csv monomer_structure_type x structure_source,PASS,"13 variants pair an experimental complex (1JM7.pdb, 2HHB.pdb, 6XI7.pdb) with an AlphaFold monomer, which chain extraction cannot produce"
"Only the BRCT, VWF A1 and complement factor H systems use an experimental monomer chain",scored_61var_canonical.csv monomer_structure_type == crystal,PASS,"experimental-monomer systems: ['cfh_c3b', 'vwf_gpiba']"
Unknown or inapplicable axes are omitted from grading,scored_61var_canonical.csv mech_graded_excluded_reason,PASS,"2 variants excluded by curated role, none of them graded"
Both reverse-direction benign controls predict below 0.72 kcal/mol on every axis,scored_61var_canonical.csv energy columns,PASS,largest absolute predicted energy across both controls: 0.714 kcal/mol
"The prioritization population is 46 variants: 21 positive, 25 negative",ISDS_v1_per_variant.csv,PASS,"46 = 21 positives + 25 negatives, as the Methods states"
"Six HBB variants use mature-chain numbering (E6V, i.e. p.Glu7Val)",scored_61var_canonical.csv gene == HBB,PASS,"6 HBB variants, E6V present under mature-chain numbering"
The absence of an assay was never treated as evidence,COMAVI_evidence_ledger.csv evidence_basis vs expected_token,PASS,18 axes rest on a basis admitting no axis assay; every one of them is neutral
Confidence intervals for proportions are exact binomial intervals,COMAVI_tier_construction.json vs scipy Clopper-Pearson,PASS,"sensitivity CI reproduces Clopper-Pearson exactly: [0.581, 0.946]"
Energies were calculated with FoldX 5.1 using default parameters,,UNTESTABLE,"FoldX is licensed separately and not redistributed, so no test here can re-run it; the run vectors are the only in-repo evidence"
Seven systems used experimental complex structures and seven used AlphaFold 3 models,,UNTESTABLE,"the canonical records one structure_source per variant, not a system-level experimental/predicted split that can be counted to 7 and 7 without re-deriving the mapping the manuscript table states"
The tier's context score is multiplied by 0.7 between pLDDT 50 and 70 and by 0.4 below 50,,UNTESTABLE,"the attenuation is applied upstream of the canonical and no column preserves the pre-attenuation context score, so the multiplier cannot be recovered from shipped data"
pLDDT 50 admits an axis and 70 upgrades its confidence to high,,UNTESTABLE,"site_plddt_status summarises PER-AXIS admission decisions and those decisions are not preserved as columns, so the rule cannot be re-derived row by row; the weaker floor and crystal-exemption properties are tested instead"
Within-system permutation tests used exact convolved hypergeometric distributions,,UNTESTABLE,the permutation machinery lives in verification/stress_tests.py and is exercised by its own gate; no independent implementation exists here to compare against
