variant,system,column,stored,written,kind,reverses_v76_unit
C697F,msh2_msh6,expected_ddg_binding,destab,neutral,token,D18
G12D,kras_craf,expected_ddg_binding,destab,neutral,token,D09
G12V,kras_craf,expected_ddg_binding,destab,neutral,token,D09
C697F,msh2_msh6,expected_ddg_binding,destab,neutral,derived,
G12D,kras_craf,expected_ddg_binding,destab,neutral,derived,
G12V,kras_craf,expected_ddg_binding,destab,neutral,derived,
C697F,msh2_msh6,expected_mech_class,ppi_destab_mechanism,structurally_silent,derived,
G12D,kras_craf,expected_mech_class,ppi_destab_mechanism,structurally_silent,derived,
G12V,kras_craf,expected_mech_class,ppi_destab_mechanism,structurally_silent,derived,
C697F,msh2_msh6,mech_consistency_t10,partial,inconsistent,derived,
G12D,kras_craf,mech_consistency_t10,partial,inconsistent,derived,
G12V,kras_craf,mech_consistency_t10,inconsistent,consistent,derived,
C697F,msh2_msh6,mech_false_positive_axes_t10,,"fold_monomer,fold_complex",derived,
G12D,kras_craf,mech_false_positive_axes_t10,,fold_complex,derived,
C697F,msh2_msh6,mech_missed_positive_axes_t10,binding,,derived,
G12D,kras_craf,mech_missed_positive_axes_t10,binding,,derived,
G12V,kras_craf,mech_missed_positive_axes_t10,binding,,derived,
C697F,msh2_msh6,nbhd_mech_consistency_t10,partial,inconsistent,derived,
G12D,kras_craf,nbhd_mech_consistency_t10,partial,inconsistent,derived,
G12V,kras_craf,nbhd_mech_consistency_t10,partial,consistent,derived,
C697F,msh2_msh6,nbhd_mech_false_positive_axes_t10,,"fold_monomer,fold_complex",derived,
G12D,kras_craf,nbhd_mech_false_positive_axes_t10,,fold_complex,derived,
C697F,msh2_msh6,nbhd_mech_missed_positive_axes_t10,binding,,derived,
G12D,kras_craf,nbhd_mech_missed_positive_axes_t10,binding,,derived,
G12V,kras_craf,nbhd_mech_missed_positive_axes_t10,binding,,derived,
C697F,msh2_msh6,mech_consistency_t15,partial,inconsistent,derived,
G12D,kras_craf,mech_consistency_t15,partial,inconsistent,derived,
G12V,kras_craf,mech_consistency_t15,inconsistent,consistent,derived,
C697F,msh2_msh6,mech_false_positive_axes_t15,,"fold_monomer,fold_complex",derived,
G12D,kras_craf,mech_false_positive_axes_t15,,fold_complex,derived,
C697F,msh2_msh6,mech_missed_positive_axes_t15,binding,,derived,
G12D,kras_craf,mech_missed_positive_axes_t15,binding,,derived,
G12V,kras_craf,mech_missed_positive_axes_t15,binding,,derived,
C697F,msh2_msh6,nbhd_mech_consistency_t15,partial,inconsistent,derived,
G12D,kras_craf,nbhd_mech_consistency_t15,partial,inconsistent,derived,
G12V,kras_craf,nbhd_mech_consistency_t15,partial,consistent,derived,
C697F,msh2_msh6,nbhd_mech_false_positive_axes_t15,,"fold_monomer,fold_complex",derived,
G12D,kras_craf,nbhd_mech_false_positive_axes_t15,,fold_complex,derived,
C697F,msh2_msh6,nbhd_mech_missed_positive_axes_t15,binding,,derived,
G12D,kras_craf,nbhd_mech_missed_positive_axes_t15,binding,,derived,
G12V,kras_craf,nbhd_mech_missed_positive_axes_t15,binding,,derived,
C697F,msh2_msh6,mech_consistency_t20,partial,inconsistent,derived,
G12D,kras_craf,mech_consistency_t20,partial,inconsistent,derived,
G12V,kras_craf,mech_consistency_t20,inconsistent,consistent,derived,
C697F,msh2_msh6,mech_false_positive_axes_t20,,"fold_monomer,fold_complex",derived,
G12D,kras_craf,mech_false_positive_axes_t20,,fold_complex,derived,
C697F,msh2_msh6,mech_missed_positive_axes_t20,binding,,derived,
G12D,kras_craf,mech_missed_positive_axes_t20,binding,,derived,
G12V,kras_craf,mech_missed_positive_axes_t20,binding,,derived,
C697F,msh2_msh6,nbhd_mech_consistency_t20,partial,inconsistent,derived,
G12D,kras_craf,nbhd_mech_consistency_t20,partial,inconsistent,derived,
G12V,kras_craf,nbhd_mech_consistency_t20,partial,consistent,derived,
C697F,msh2_msh6,nbhd_mech_false_positive_axes_t20,,"fold_monomer,fold_complex",derived,
G12D,kras_craf,nbhd_mech_false_positive_axes_t20,,fold_complex,derived,
C697F,msh2_msh6,nbhd_mech_missed_positive_axes_t20,binding,,derived,
G12D,kras_craf,nbhd_mech_missed_positive_axes_t20,binding,,derived,
G12V,kras_craf,nbhd_mech_missed_positive_axes_t20,binding,,derived,
C697F,msh2_msh6,mech_consistency_t25,partial,inconsistent,derived,
G12D,kras_craf,mech_consistency_t25,inconsistent,consistent,derived,
G12V,kras_craf,mech_consistency_t25,inconsistent,consistent,derived,
C697F,msh2_msh6,mech_false_positive_axes_t25,,"fold_monomer,fold_complex",derived,
C697F,msh2_msh6,mech_missed_positive_axes_t25,binding,,derived,
G12D,kras_craf,mech_missed_positive_axes_t25,binding,,derived,
G12V,kras_craf,mech_missed_positive_axes_t25,binding,,derived,
C697F,msh2_msh6,nbhd_mech_consistency_t25,partial,inconsistent,derived,
G12D,kras_craf,nbhd_mech_consistency_t25,partial,consistent,derived,
G12V,kras_craf,nbhd_mech_consistency_t25,partial,consistent,derived,
C697F,msh2_msh6,nbhd_mech_false_positive_axes_t25,,"fold_monomer,fold_complex",derived,
C697F,msh2_msh6,nbhd_mech_missed_positive_axes_t25,binding,,derived,
G12D,kras_craf,nbhd_mech_missed_positive_axes_t25,binding,,derived,
G12V,kras_craf,nbhd_mech_missed_positive_axes_t25,binding,,derived,
C697F,msh2_msh6,mech_consistency_tSAP,partial,inconsistent,derived,
G12D,kras_craf,mech_consistency_tSAP,inconsistent,consistent,derived,
G12V,kras_craf,mech_consistency_tSAP,inconsistent,consistent,derived,
C697F,msh2_msh6,mech_false_positive_axes_tSAP,,"fold_monomer,fold_complex",derived,
C697F,msh2_msh6,mech_missed_positive_axes_tSAP,binding,,derived,
G12D,kras_craf,mech_missed_positive_axes_tSAP,binding,,derived,
G12V,kras_craf,mech_missed_positive_axes_tSAP,binding,,derived,
C697F,msh2_msh6,nbhd_mech_consistency_tSAP,partial,inconsistent,derived,
G12D,kras_craf,nbhd_mech_consistency_tSAP,partial,consistent,derived,
G12V,kras_craf,nbhd_mech_consistency_tSAP,partial,consistent,derived,
C697F,msh2_msh6,nbhd_mech_false_positive_axes_tSAP,,"fold_monomer,fold_complex",derived,
C697F,msh2_msh6,nbhd_mech_missed_positive_axes_tSAP,binding,,derived,
G12D,kras_craf,nbhd_mech_missed_positive_axes_tSAP,binding,,derived,
G12V,kras_craf,nbhd_mech_missed_positive_axes_tSAP,binding,,derived,
C697F,msh2_msh6,mech_consistency_summary,partial,inconsistent,derived,
G12D,kras_craf,mech_consistency_summary,inconsistent,consistent,derived,
G12V,kras_craf,mech_consistency_summary,inconsistent,consistent,derived,
C697F,msh2_msh6,nbhd_mech_consistency_summary,partial,inconsistent,derived,
G12D,kras_craf,nbhd_mech_consistency_summary,partial,consistent,derived,
G12V,kras_craf,nbhd_mech_consistency_summary,partial,consistent,derived,
G12D,kras_craf,nbhd_mech_consistency_threshold_stable,True,False,derived,
G12D,kras_craf,structural_agreement_n_t10,0,2,derived,
G12V,kras_craf,structural_agreement_n_t10,0,1,derived,
G12D,kras_craf,structural_agreement_t10,0,1,derived,
G12V,kras_craf,structural_agreement_t10,0,1,derived,
G12D,kras_craf,structural_agreement_n_t15,0,2,derived,
G12V,kras_craf,structural_agreement_n_t15,0,1,derived,
G12D,kras_craf,structural_agreement_t15,0,1,derived,
G12V,kras_craf,structural_agreement_t15,0,1,derived,
G12D,kras_craf,structural_agreement_n_t20,0,2,derived,
G12V,kras_craf,structural_agreement_n_t20,0,1,derived,
G12D,kras_craf,structural_agreement_t20,0,1,derived,
G12V,kras_craf,structural_agreement_t20,0,1,derived,
G12D,kras_craf,structural_agreement_n_t25,0,2,derived,
G12V,kras_craf,structural_agreement_n_t25,0,1,derived,
G12D,kras_craf,structural_agreement_t25,0,1,derived,
G12V,kras_craf,structural_agreement_t25,0,1,derived,
G12D,kras_craf,structural_agreement_n_tSAP,0,2,derived,
G12V,kras_craf,structural_agreement_n_tSAP,0,1,derived,
G12D,kras_craf,structural_agreement_tSAP,0,1,derived,
G12V,kras_craf,structural_agreement_tSAP,0,1,derived,
G12D,kras_craf,directional_agreement_full_t10,0,2,derived,
G12V,kras_craf,directional_agreement_full_t10,0,1,derived,
C697F,msh2_msh6,directional_agreement_half_t10,1,0,derived,
C697F,msh2_msh6,directional_agreement_t10,0.75,0.5,derived,
G12D,kras_craf,directional_agreement_t10,0,1,derived,
G12V,kras_craf,directional_agreement_t10,0,1,derived,
G12D,kras_craf,directional_agreement_full_t15,0,2,derived,
G12V,kras_craf,directional_agreement_full_t15,0,1,derived,
C697F,msh2_msh6,directional_agreement_half_t15,1,0,derived,
C697F,msh2_msh6,directional_agreement_t15,0.75,0.5,derived,
G12D,kras_craf,directional_agreement_t15,0,1,derived,
G12V,kras_craf,directional_agreement_t15,0,1,derived,
G12D,kras_craf,directional_agreement_full_t20,0,2,derived,
G12V,kras_craf,directional_agreement_full_t20,0,1,derived,
C697F,msh2_msh6,directional_agreement_half_t20,1,0,derived,
C697F,msh2_msh6,directional_agreement_t20,0.75,0.5,derived,
G12D,kras_craf,directional_agreement_t20,0,1,derived,
G12V,kras_craf,directional_agreement_t20,0,1,derived,
G12D,kras_craf,directional_agreement_full_t25,0,2,derived,
G12V,kras_craf,directional_agreement_full_t25,0,1,derived,
C697F,msh2_msh6,directional_agreement_half_t25,1,0,derived,
C697F,msh2_msh6,directional_agreement_t25,0.75,0.5,derived,
G12D,kras_craf,directional_agreement_t25,0,1,derived,
G12V,kras_craf,directional_agreement_t25,0,1,derived,
G12D,kras_craf,directional_agreement_full_tSAP,0,2,derived,
G12V,kras_craf,directional_agreement_full_tSAP,0,1,derived,
C697F,msh2_msh6,directional_agreement_half_tSAP,1,0,derived,
C697F,msh2_msh6,directional_agreement_tSAP,0.75,0.5,derived,
G12D,kras_craf,directional_agreement_tSAP,0,1,derived,
G12V,kras_craf,directional_agreement_tSAP,0,1,derived,
C697F,msh2_msh6,evaluation_note,borderline_axis_agreement_partial_synthesis,,derived,
