variant,measured_kcal,foldx_ddg,axis,system,source,in_benchmark,delta,absdelta,straddles,g73,d_meas,d_pred,both_near
M1663K,-0.03,0.4458,Monomer fold,BRCA1 BRCT,GdmCl unfolding,True,0.4758,0.4758,False,False,2.53,2.0542,False
P1806A,0.06,1.6691,Monomer fold,BRCA1 BRCT,GdmCl unfolding,True,1.6091,1.6091,False,False,2.44,0.8309,False
L1664P,1.18,0.5333,Monomer fold,BRCA1 BRCT,GdmCl unfolding,True,-0.6466999999999999,0.6466999999999999,False,False,1.32,1.9667,False
R1751Q,1.57,0.7285,Monomer fold,BRCA1 BRCT,GdmCl unfolding,True,-0.8415,0.8415,False,False,0.9299999999999999,1.7715,False
V1665M,2.22,2.979,Monomer fold,BRCA1 BRCT,GdmCl unfolding,True,0.7589999999999999,0.7589999999999999,True,False,0.2799999999999998,0.4790000000000001,True
V1808A,2.4,3.5669,Monomer fold,BRCA1 BRCT,GdmCl unfolding,True,1.1669,1.1669,True,False,0.10000000000000009,1.0669,False
M1783T,3.73,2.8551,Monomer fold,BRCA1 BRCT,GdmCl unfolding,True,-0.8748999999999998,0.8748999999999998,False,False,1.23,0.3551000000000002,False
V1736A,4.2,1.2414,Monomer fold,BRCA1 BRCT,GdmCl unfolding,True,-2.9586,2.9586,True,False,1.7000000000000002,1.2586,False
A1843P,4.89,6.4287,Monomer fold,BRCA1 BRCT,GdmCl unfolding,True,1.5387000000000004,1.5387000000000004,False,False,2.3899999999999997,3.9287,False
Y1853C,6.04,3.3869,Monomer fold,BRCA1 BRCT,GdmCl unfolding,True,-2.6531000000000002,2.6531000000000002,False,False,3.54,0.8868999999999998,False
N102T,1.5,-0.1374,Binding,Hb tetramer,assembly energetics,True,-1.6374,1.6374,False,False,1.0,2.6374,False
W37Y,2.0,1.5986,Binding,Hb tetramer,assembly energetics,True,-0.4014,0.4014,False,False,0.5,0.9014,True
W37A,5.0,4.5339,Binding,Hb tetramer,assembly energetics,True,-0.46609999999999996,0.46609999999999996,False,False,2.5,2.0339,False
W37G,7.0,5.449,Binding,Hb tetramer,assembly energetics,True,-1.5510000000000002,1.5510000000000002,False,False,4.5,2.949,False
W37E,9.0,5.1379,Binding,Hb tetramer,assembly energetics,True,-3.8621,3.8621,False,False,6.5,2.6379,False
DA54A,-0.528,-0.469,Binding,Barnase–barstar,SPR/ITC (SKEMPI),False,0.05900000000000005,0.05900000000000005,False,False,3.028,2.969,False
YD29F,-0.132,0.49,Binding,Barnase–barstar,SPR/ITC (SKEMPI),False,0.622,0.622,False,False,2.632,2.01,False
WD44F,0.056,1.732,Binding,Barnase–barstar,SPR/ITC (SKEMPI),False,1.676,1.676,False,False,2.444,0.768,False
EA60A,0.094,0.157,Binding,Barnase–barstar,SPR/ITC (SKEMPI),False,0.063,0.063,False,False,2.406,2.343,False
ED80A,0.476,0.727,Binding,Barnase–barstar,SPR/ITC (SKEMPI),False,0.251,0.251,False,False,2.024,1.7730000000000001,False
ED76A,1.093,1.794,Binding,Barnase–barstar,SPR/ITC (SKEMPI),False,0.7010000000000001,0.7010000000000001,False,False,1.407,0.706,False
WA35F,1.26,0.169,Binding,Barnase–barstar,SPR/ITC (SKEMPI),False,-1.091,1.091,False,False,1.24,2.331,False
EA73Q,1.451,-1.015,Binding,Barnase–barstar,SPR/ITC (SKEMPI),False,-2.466,2.466,False,True,1.049,3.5149999999999997,False
WD38F,1.642,1.155,Binding,Barnase–barstar,SPR/ITC (SKEMPI),False,-0.4869999999999999,0.4869999999999999,False,False,0.8580000000000001,1.345,False
EA73W,1.656,-1.546,Binding,Barnase–barstar,SPR/ITC (SKEMPI),False,-3.202,3.202,False,True,0.8440000000000001,4.046,False
TD42A,1.857,0.273,Binding,Barnase–barstar,SPR/ITC (SKEMPI),False,-1.584,1.584,False,False,0.643,2.227,False
EA73F,2.234,-1.33,Binding,Barnase–barstar,SPR/ITC (SKEMPI),False,-3.564,3.564,False,True,0.266,3.83,False
EA73A,2.352,-1.288,Binding,Barnase–barstar,SPR/ITC (SKEMPI),False,-3.6399999999999997,3.6399999999999997,False,True,0.14800000000000013,3.7880000000000003,False
EA73Y,2.412,-1.66,Binding,Barnase–barstar,SPR/ITC (SKEMPI),False,-4.072,4.072,False,True,0.08800000000000008,4.16,False
RA59K,2.487,3.024,Binding,Barnase–barstar,SPR/ITC (SKEMPI),False,0.5369999999999999,0.5369999999999999,True,False,0.0129999999999999,0.524,True
EA73C,2.527,-1.024,Binding,Barnase–barstar,SPR/ITC (SKEMPI),False,-3.551,3.551,True,True,0.027000000000000135,3.524,False
EA73S,3.009,-1.113,Binding,Barnase–barstar,SPR/ITC (SKEMPI),False,-4.122,4.122,True,True,0.5089999999999999,3.613,False
NA58A,3.089,-0.002,Binding,Barnase–barstar,SPR/ITC (SKEMPI),False,-3.0909999999999997,3.0909999999999997,True,False,0.589,2.502,False
YD29A,3.469,2.436,Binding,Barnase–barstar,SPR/ITC (SKEMPI),False,-1.033,1.033,True,False,0.9689999999999999,0.06400000000000006,True
HA102D,4.548,1.211,Binding,Barnase–barstar,SPR/ITC (SKEMPI),False,-3.3369999999999997,3.3369999999999997,True,False,2.048,1.289,False
HA102Q,4.548,2.01,Binding,Barnase–barstar,SPR/ITC (SKEMPI),False,-2.5380000000000003,2.5380000000000003,True,False,2.048,0.4900000000000002,False
RA83Q,5.417,3.305,Binding,Barnase–barstar,SPR/ITC (SKEMPI),False,-2.1119999999999997,2.1119999999999997,False,False,2.917,0.8050000000000002,False
HA102G,6.817,2.196,Binding,Barnase–barstar,SPR/ITC (SKEMPI),False,-4.621,4.621,True,False,4.317,0.3039999999999998,False
HA102L,7.662,1.189,Binding,Barnase–barstar,SPR/ITC (SKEMPI),False,-6.473,6.473,True,False,5.162,1.311,False
DB163K,-1.982,-0.93,Binding,TEM1–BLIP,SPR/ITC (SKEMPI),False,1.052,1.052,False,False,4.482,3.43,False
YB50A,-1.706,3.04,Binding,TEM1–BLIP,SPR/ITC (SKEMPI),False,4.746,4.746,True,False,4.2059999999999995,0.54,False
SB113A,-0.516,0.625,Binding,TEM1–BLIP,SPR/ITC (SKEMPI),False,1.141,1.141,False,False,3.016,1.875,False
VB93K,-0.475,-0.005,Binding,TEM1–BLIP,SPR/ITC (SKEMPI),False,0.47,0.47,False,False,2.975,2.505,False
NB89K,-0.455,-0.009,Binding,TEM1–BLIP,SPR/ITC (SKEMPI),False,0.446,0.446,False,False,2.955,2.509,False
TB140K,-0.014,-0.03,Binding,TEM1–BLIP,SPR/ITC (SKEMPI),False,-0.016,0.016,False,False,2.514,2.53,False
SB39A,0.022,0.17,Binding,TEM1–BLIP,SPR/ITC (SKEMPI),False,0.14800000000000002,0.14800000000000002,False,False,2.478,2.33,False
SB71A,0.139,0.846,Binding,TEM1–BLIP,SPR/ITC (SKEMPI),False,0.707,0.707,False,False,2.3609999999999998,1.654,False
TB32K,0.199,-0.026,Binding,TEM1–BLIP,SPR/ITC (SKEMPI),False,-0.225,0.225,False,False,2.301,2.526,False
EB73A,0.435,2.13,Binding,TEM1–BLIP,SPR/ITC (SKEMPI),False,1.6949999999999998,1.6949999999999998,False,False,2.065,0.3700000000000001,False
RB144A,0.655,1.005,Binding,TEM1–BLIP,SPR/ITC (SKEMPI),False,0.34999999999999987,0.34999999999999987,False,False,1.845,1.495,False
YB143A,0.71,1.74,Binding,TEM1–BLIP,SPR/ITC (SKEMPI),False,1.03,1.03,False,False,1.79,0.76,False
YB51A,0.799,0.735,Binding,TEM1–BLIP,SPR/ITC (SKEMPI),False,-0.06400000000000006,0.06400000000000006,False,False,1.701,1.7650000000000001,False
EB31A,0.821,0.381,Binding,TEM1–BLIP,SPR/ITC (SKEMPI),False,-0.43999999999999995,0.43999999999999995,False,False,1.679,2.1189999999999998,False
GB141A,1.33,-0.195,Binding,TEM1–BLIP,SPR/ITC (SKEMPI),False,-1.5250000000000001,1.5250000000000001,False,False,1.17,2.695,False
WB162A,2.262,2.057,Binding,TEM1–BLIP,SPR/ITC (SKEMPI),False,-0.20500000000000007,0.20500000000000007,False,False,0.238,0.44300000000000006,True
DB49A,2.347,3.913,Binding,TEM1–BLIP,SPR/ITC (SKEMPI),False,1.5659999999999998,1.5659999999999998,True,False,0.15300000000000002,1.4129999999999998,False
RB160A,2.736,1.506,Binding,TEM1–BLIP,SPR/ITC (SKEMPI),False,-1.2300000000000002,1.2300000000000002,True,False,0.2360000000000002,0.994,True
YB53A,2.869,2.079,Binding,TEM1–BLIP,SPR/ITC (SKEMPI),False,-0.79,0.79,True,False,0.3690000000000002,0.4209999999999998,True
WB112A,2.879,2.485,Binding,TEM1–BLIP,SPR/ITC (SKEMPI),False,-0.39400000000000013,0.39400000000000013,True,False,0.379,0.015000000000000124,True
HB148A,2.907,0.403,Binding,TEM1–BLIP,SPR/ITC (SKEMPI),False,-2.504,2.504,True,False,0.40700000000000003,2.097,False
FB36A,3.225,1.693,Binding,TEM1–BLIP,SPR/ITC (SKEMPI),False,-1.532,1.532,True,False,0.7250000000000001,0.8069999999999999,True
KB74A,3.616,3.128,Binding,TEM1–BLIP,SPR/ITC (SKEMPI),False,-0.488,0.488,False,False,1.116,0.6280000000000001,False
WB150A,4.314,1.919,Binding,TEM1–BLIP,SPR/ITC (SKEMPI),False,-2.395,2.395,True,False,1.814,0.581,False
