fit,n,r2,threshold,foldx_t,inverse_estimate,fieller_lo,fieller_hi,instability_g,direct_regression_estimate
benchmark,15,0.538,t10,1.0,0.57,-3.58,2.14,0.308,1.92
benchmark,15,0.538,t15,1.5,1.43,-1.81,2.85,0.308,2.38
benchmark,15,0.538,t20,2.0,2.29,-0.15,3.67,0.308,2.84
benchmark,15,0.538,t25,2.5,3.15,1.32,4.68,0.308,3.3
benchmark,15,0.538,tSAP,2.9,3.84,2.31,5.67,0.308,3.67
pooled,56,0.398,t10,1.0,0.72,-0.48,1.55,0.113,1.61
pooled,56,0.398,t15,1.5,1.92,1.04,2.74,0.113,2.09
pooled,56,0.398,t20,2.0,3.12,2.33,4.15,0.113,2.57
pooled,56,0.398,t25,2.5,4.32,3.43,5.76,0.113,3.05
pooled,56,0.398,tSAP,2.9,5.28,4.24,7.11,0.113,3.43
