variant,system,expected_mech_class,truth_struct,labile,max_abs_ddg,g_t10,g_t15,g_t20,g_t25,g_tSAP
V11G,brca1_bard1,ppi_destab_mechanism,True,True,3.2927,1.0,1.0,1.0,0.5,0.5
C61G,brca1_bard1,fold_mechanism,True,True,6.782,1.0,1.0,1.0,0.5,0.5
K45R,brca1_bard1,structurally_silent,False,False,0.2599,1.0,1.0,1.0,1.0,1.0
E100Q,brca1_bard1,structurally_silent,False,False,0.3113,1.0,1.0,1.0,1.0,1.0
E542K,pi3k,mixed_structural,True,False,3.1544,0.5,0.5,0.5,0.5,0.5
E545K,pi3k,mixed_structural,True,True,4.6348,1.0,1.0,0.0,0.0,0.0
H1047R,pi3k,structurally_silent,False,True,2.321,0.0,0.0,0.0,1.0,1.0
N564D,pi3k,structurally_silent,False,False,3.7317,0.0,0.0,0.0,0.0,0.0
M326I,pi3k,structurally_silent,False,False,0.4337,1.0,1.0,1.0,1.0,1.0
Q542L,mlh1_pms2,ppi_destab_mechanism,True,False,1.0732,0.5,0.5,0.5,0.5,0.5
L749P,mlh1_pms2,mixed_structural,True,True,5.1714,1.0,1.0,0.5,0.5,0.5
R755W,mlh1_pms2,fold_mechanism,True,False,9.6643,0.0,0.0,0.0,0.0,0.0
V384D,mlh1_pms2,structurally_silent,False,True,1.5634,0.0,0.0,1.0,1.0,1.0
G857A,mlh1_pms2,structurally_silent,False,False,0.9481,1.0,1.0,1.0,1.0,1.0
H718Y,mlh1_pms2,structurally_silent,False,True,1.2012,0.0,1.0,1.0,1.0,1.0
K618E,mlh1_pms2,structurally_silent,False,True,1.1737,0.0,1.0,1.0,1.0,1.0
G674R,msh2_msh6,structurally_silent,False,False,3.9881,0.0,0.0,0.0,0.0,0.0
A636P,msh2_msh6,structurally_silent,False,False,5.3805,0.0,0.0,0.0,0.0,0.0
C697F,msh2_msh6,structurally_silent,False,False,15.2559,0.0,0.0,0.0,0.0,0.0
N127S,msh2_msh6,structurally_silent,False,True,1.4817,0.0,1.0,1.0,1.0,1.0
G322D,msh2_msh6,structurally_silent,False,True,2.0405,0.0,0.0,0.0,1.0,1.0
L158Q,vhl_elonginc,mixed_structural,True,True,2.9118,1.0,1.0,1.0,1.0,0.5
Y98H,vhl_elonginc,structurally_silent,False,True,1.285,0.0,1.0,1.0,1.0,1.0
G12D,kras_craf,structurally_silent,False,True,2.2859,0.0,0.0,0.0,1.0,1.0
G12V,kras_craf,structurally_silent,False,False,0.4266,1.0,1.0,1.0,1.0,1.0
Q61H,kras_craf,structurally_silent,False,False,0.7045,1.0,1.0,1.0,1.0,1.0
E6V,hemoglobin_dimer,structurally_silent,False,False,0.8044,1.0,1.0,1.0,1.0,1.0
W37Y,hemoglobin_tetramer,mixed_structural,True,True,2.8501,1.0,1.0,0.5,0.5,0.5
W37A,hemoglobin_tetramer,mixed_structural,True,False,6.1596,1.0,1.0,1.0,1.0,1.0
W37G,hemoglobin_tetramer,mixed_structural,True,False,7.7632,1.0,1.0,1.0,1.0,1.0
W37E,hemoglobin_tetramer,mixed_structural,True,False,5.878,1.0,1.0,1.0,1.0,1.0
N102T,hemoglobin_tetramer,mixed_structural,True,False,0.7689,0.5,0.5,0.5,0.5,0.5
R145G,troponin_ic,structurally_silent,False,False,3.6898,0.0,0.0,0.0,0.0,0.0
R145Q,troponin_ic,structurally_silent,False,True,2.5295,0.0,0.0,0.0,0.0,1.0
P82S,troponin_ic,structurally_silent,False,False,0.6571,1.0,1.0,1.0,1.0,1.0
D96V,cam_cav12,structurally_silent,False,True,1.8364,0.0,0.0,1.0,1.0,1.0
N98S,cam_cav12,structurally_silent,False,False,0.266,1.0,1.0,1.0,1.0,1.0
F142L,cam_cav12,structurally_silent,False,False,0.706,1.0,1.0,1.0,1.0,1.0
D351H,smad4_smad3,ppi_destab_mechanism,True,False,12.1121,0.5,0.5,0.5,0.5,0.5
R361C,smad4_smad3,ppi_destab_mechanism,True,False,7.427,1.0,1.0,1.0,1.0,1.0
I500T,smad4_smad3,structurally_silent,False,True,1.6233,0.0,0.0,1.0,1.0,1.0
I500V,smad4_smad3,structurally_silent,False,False,0.9476,1.0,1.0,1.0,1.0,1.0
Y1853C,brca1_brct,fold_mechanism,True,False,3.3869,1.0,1.0,1.0,1.0,1.0
A1843P,brca1_brct,fold_mechanism,True,False,6.4287,1.0,1.0,1.0,1.0,1.0
V1736A,brca1_brct,fold_mechanism,True,True,1.2414,1.0,0.0,0.0,0.0,0.0
M1783T,brca1_brct,fold_mechanism,True,True,2.8551,1.0,1.0,1.0,1.0,0.0
V1808A,brca1_brct,fold_mechanism,True,False,3.5669,1.0,1.0,1.0,1.0,1.0
V1665M,brca1_brct,fold_mechanism,True,False,2.979,1.0,1.0,1.0,1.0,1.0
R1751Q,brca1_brct,fold_mechanism,True,False,0.7285,0.0,0.0,0.0,0.0,0.0
L1664P,brca1_brct,fold_mechanism,True,False,0.5333,0.0,0.0,0.0,0.0,0.0
M1663K,brca1_brct,structurally_silent,False,False,0.4458,1.0,1.0,1.0,1.0,1.0
P1806A,brca1_brct,structurally_silent,False,True,1.6691,0.0,0.0,1.0,1.0,1.0
R78G,cfh_c3b,ppi_destab_mechanism,True,False,6.1211,0.5,0.5,0.5,0.5,0.5
R53H,cfh_c3b,structurally_silent,False,True,1.3156,0.0,1.0,1.0,1.0,1.0
I62V,cfh_c3b,structurally_silent,False,False,0.714,1.0,1.0,1.0,1.0,1.0
R1334Q,vwf_gpiba,ppi_destab_mechanism,True,False,4.7285,0.5,0.5,0.5,0.5,0.5
A1381T,vwf_gpiba,structurally_silent,False,False,0.1061,1.0,1.0,1.0,1.0,1.0
