variant,system,expected_mech_class,truth_struct,max_abs_ddg,favours_low,g_t10,g_t15,g_t20,g_t25,g_tSAP
K618E,mlh1_pms2,structurally_silent,False,1.1737,False,0.0,1.0,1.0,1.0,1.0
H718Y,mlh1_pms2,structurally_silent,False,1.2012,False,0.0,1.0,1.0,1.0,1.0
V1736A,brca1_brct,fold_mechanism,True,1.2414,True,1.0,0.0,0.0,0.0,0.0
Y98H,vhl_elonginc,structurally_silent,False,1.285,False,0.0,1.0,1.0,1.0,1.0
R53H,cfh_c3b,structurally_silent,False,1.3156,False,0.0,1.0,1.0,1.0,1.0
N127S,msh2_msh6,structurally_silent,False,1.4817,False,0.0,1.0,1.0,1.0,1.0
V384D,mlh1_pms2,structurally_silent,False,1.5634,False,0.0,0.0,1.0,1.0,1.0
I500T,smad4_smad3,structurally_silent,False,1.6233,False,0.0,0.0,1.0,1.0,1.0
P1806A,brca1_brct,structurally_silent,False,1.6691,False,0.0,0.0,1.0,1.0,1.0
D96V,cam_cav12,structurally_silent,False,1.8364,False,0.0,0.0,1.0,1.0,1.0
G322D,msh2_msh6,structurally_silent,False,2.0405,False,0.0,0.0,0.0,1.0,1.0
G12D,kras_craf,structurally_silent,False,2.2859,False,0.0,0.0,0.0,1.0,1.0
H1047R,pi3k,structurally_silent,False,2.321,False,0.0,0.0,0.0,1.0,1.0
R145Q,troponin_ic,structurally_silent,False,2.5295,False,0.0,0.0,0.0,0.0,1.0
W37Y,hemoglobin_tetramer,mixed_structural,True,2.8501,True,1.0,1.0,0.5,0.5,0.5
M1783T,brca1_brct,fold_mechanism,True,2.8551,True,1.0,1.0,1.0,1.0,0.0
L158Q,vhl_elonginc,mixed_structural,True,2.9118,True,1.0,1.0,1.0,1.0,0.5
V11G,brca1_bard1,ppi_destab_mechanism,True,3.2927,True,1.0,1.0,1.0,0.5,0.5
E545K,pi3k,mixed_structural,True,4.6348,True,1.0,1.0,0.0,0.0,0.0
L749P,mlh1_pms2,mixed_structural,True,5.1714,True,1.0,1.0,0.5,0.5,0.5
C61G,brca1_bard1,fold_mechanism,True,6.782,True,1.0,1.0,1.0,0.5,0.5
