system,variant,axis,n_ok,n_grade,axis_led,axis_led,evidence_type,evidence_directness,expected_token,quant
brca1_bard1,V11G,binding,0,1,binding,binding,E2_quantitative_functional,direct,destab,True
brca1_bard1,C61G,monomer,0,1,monomer,monomer,E3_qualitative_experimental,direct,destab,False
brca1_bard1,C61G,fold,1,1,fold_complex,fold_complex,E3_qualitative_experimental,direct,destab,False
brca1_bard1,C61G,binding,1,1,binding,binding,E3_qualitative_experimental,direct,neutral,False
brca1_bard1,K45R,monomer,1,1,monomer,monomer,E5_inferred_no_axis_assay,inferred,neutral,False
brca1_bard1,E100Q,monomer,1,1,monomer,monomer,E5_inferred_no_axis_assay,inferred,neutral,False
brca1_bard1,E100Q,fold,1,1,fold_complex,fold_complex,E5_inferred_no_axis_assay,inferred,neutral,False
pi3k,E542K,fold,1,1,fold_complex,fold_complex,E3_qualitative_experimental,direct,destab,False
pi3k,E545K,monomer,1,1,monomer,monomer,E5_inferred_no_axis_assay,inferred,neutral,False
pi3k,E545K,fold,0,1,fold_complex,fold_complex,E3_qualitative_experimental,direct,destab,False
pi3k,E545K,binding,0,1,binding,binding,E3_qualitative_experimental,direct,destab,False
pi3k,H1047R,monomer,1,1,monomer,monomer,E5_inferred_no_axis_assay,inferred,neutral,False
pi3k,H1047R,fold,1,1,fold_complex,fold_complex,E5_inferred_no_axis_assay,inferred,neutral,False
pi3k,H1047R,binding,1,1,binding,binding,E3_qualitative_experimental,direct,neutral,False
pi3k,N564D,monomer,1,1,monomer,monomer,E5_inferred_no_axis_assay,inferred,neutral,False
pi3k,N564D,fold,0,1,fold_complex,fold_complex,E5_inferred_no_axis_assay,inferred,neutral,False
pi3k,N564D,binding,0,1,binding,binding,E3_qualitative_experimental,direct,neutral,False
pi3k,M326I,monomer,1,1,monomer,monomer,E4_population_frequency,inferred,neutral,False
pi3k,M326I,fold,1,1,fold_complex,fold_complex,E4_population_frequency,inferred,neutral,False
mlh1_pms2,Q542L,binding,0,1,binding,binding,E2_quantitative_functional,direct,destab,True
mlh1_pms2,L749P,fold,1,1,fold_complex,fold_complex,E5_inferred_no_axis_assay,inferred,destab,False
mlh1_pms2,L749P,binding,0,1,binding,binding,E2_quantitative_functional,direct,destab,True
mlh1_pms2,R755W,monomer,0,1,monomer,monomer,E2_quantitative_functional,direct,destab,True
mlh1_pms2,R755W,binding,0,1,binding,binding,E2_quantitative_functional,direct,neutral,True
mlh1_pms2,V384D,monomer,1,1,monomer,monomer,E5_inferred_no_axis_assay,inferred,neutral,False
mlh1_pms2,V384D,fold,1,1,fold_complex,fold_complex,E5_inferred_no_axis_assay,inferred,neutral,False
mlh1_pms2,V384D,binding,1,1,binding,binding,E3_qualitative_experimental,coupled,neutral,False
mlh1_pms2,G857A,monomer,1,1,monomer,monomer,E4_population_frequency,inferred,neutral,False
mlh1_pms2,G857A,fold,1,1,fold_complex,fold_complex,E4_population_frequency,inferred,neutral,False
mlh1_pms2,H718Y,monomer,1,1,monomer,monomer,E5_inferred_no_axis_assay,inferred,neutral,False
mlh1_pms2,H718Y,fold,1,1,fold_complex,fold_complex,E5_inferred_no_axis_assay,inferred,neutral,False
mlh1_pms2,K618E,monomer,1,1,monomer,monomer,E5_inferred_no_axis_assay,inferred,neutral,False
mlh1_pms2,K618E,fold,1,1,fold_complex,fold_complex,E5_inferred_no_axis_assay,inferred,neutral,False
msh2_msh6,G674R,binding,1,1,binding,binding,E3_qualitative_experimental,direct,neutral,False
msh2_msh6,A636P,binding,1,1,binding,binding,E3_qualitative_experimental,direct,neutral,False
msh2_msh6,C697F,binding,1,1,binding,binding,E3_qualitative_experimental,direct,neutral,False
msh2_msh6,N127S,binding,1,1,binding,binding,E3_qualitative_experimental,direct,neutral,False
msh2_msh6,G322D,binding,1,1,binding,binding,E3_qualitative_experimental,direct,neutral,False
vhl_elonginc,L158Q,fold,1,1,fold_complex,fold_complex,E3_qualitative_experimental,direct,destab,False
vhl_elonginc,L158Q,binding,1,1,binding,binding,E3_qualitative_experimental,direct,destab,False
vhl_elonginc,Y98H,fold,1,1,fold_complex,fold_complex,E3_qualitative_experimental,direct,neutral,False
kras_craf,G12D,binding,1,1,binding,binding,E3_qualitative_experimental,direct,neutral,False
kras_craf,Q61H,binding,1,1,binding,binding,E3_qualitative_experimental,direct,neutral,False
hemoglobin_dimer,E6V,monomer,1,1,monomer,monomer,E3_qualitative_experimental,direct,neutral,False
hemoglobin_dimer,E6V,fold,1,1,fold_complex,fold_complex,E3_qualitative_experimental,direct,neutral,False
hemoglobin_dimer,E6V,binding,1,1,binding,binding,E3_qualitative_experimental,direct,neutral,False
hemoglobin_tetramer,W37Y,fold,1,1,fold_complex,fold_complex,E1_quantitative_energetic,coupled,destab,True
hemoglobin_tetramer,W37Y,binding,0,1,binding,binding,E1_quantitative_energetic,direct,destab,True
hemoglobin_tetramer,W37A,fold,1,1,fold_complex,fold_complex,E1_quantitative_energetic,coupled,destab,True
hemoglobin_tetramer,W37A,binding,1,1,binding,binding,E1_quantitative_energetic,direct,destab,True
hemoglobin_tetramer,W37G,fold,1,1,fold_complex,fold_complex,E1_quantitative_energetic,coupled,destab,True
hemoglobin_tetramer,W37G,binding,1,1,binding,binding,E1_quantitative_energetic,direct,destab,True
hemoglobin_tetramer,W37E,fold,1,1,fold_complex,fold_complex,E1_quantitative_energetic,coupled,destab,True
hemoglobin_tetramer,W37E,binding,1,1,binding,binding,E1_quantitative_energetic,direct,destab,True
hemoglobin_tetramer,N102T,fold,0,1,fold_complex,fold_complex,E1_quantitative_energetic,coupled,destab,True
hemoglobin_tetramer,N102T,binding,0,1,binding,binding,E1_quantitative_energetic,direct,destab,True
troponin_ic,R145G,binding,1,1,binding,binding,E2_quantitative_functional,direct,neutral,True
troponin_ic,R145Q,binding,1,1,binding,binding,E2_quantitative_functional,direct,neutral,True
troponin_ic,P82S,monomer,1,1,monomer,monomer,E4_population_frequency,inferred,neutral,False
troponin_ic,P82S,fold,1,1,fold_complex,fold_complex,E4_population_frequency,inferred,neutral,False
cam_cav12,N98S,binding,1,1,binding,binding,E2_quantitative_functional,off_axis,neutral,True
cam_cav12,F142L,binding,1,1,binding,binding,E3_qualitative_experimental,coupled,neutral,False
smad4_smad3,R361C,binding,1,1,binding,binding,E3_qualitative_experimental,direct,destab,False
brca1_brct,Y1853C,monomer,1,1,monomer,monomer,E1_quantitative_energetic,direct,destab,True
brca1_brct,A1843P,monomer,1,1,monomer,monomer,E1_quantitative_energetic,direct,destab,True
brca1_brct,V1736A,monomer,0,1,monomer,monomer,E1_quantitative_energetic,direct,destab,True
brca1_brct,M1783T,monomer,1,1,monomer,monomer,E1_quantitative_energetic,direct,destab,True
brca1_brct,V1808A,monomer,1,1,monomer,monomer,E1_quantitative_energetic,direct,destab,True
brca1_brct,V1665M,monomer,1,1,monomer,monomer,E1_quantitative_energetic,direct,destab,True
brca1_brct,R1751Q,monomer,0,1,monomer,monomer,E1_quantitative_energetic,direct,destab,True
brca1_brct,L1664P,monomer,0,1,monomer,monomer,E1_quantitative_energetic,direct,destab,True
brca1_brct,M1663K,monomer,1,1,monomer,monomer,E1_quantitative_energetic,direct,neutral,True
brca1_brct,P1806A,monomer,1,1,monomer,monomer,E1_quantitative_energetic,direct,neutral,True
brca1_brct,R1699Q,monomer,0,1,monomer,monomer,E1_quantitative_energetic,direct,stab,True
cfh_c3b,R78G,monomer,1,1,monomer,monomer,E3_qualitative_experimental,direct,neutral,False
cfh_c3b,R78G,fold,0,1,fold_complex,fold_complex,E5_inferred_no_axis_assay,inferred,neutral,False
cfh_c3b,R78G,binding,1,1,binding,binding,E1_quantitative_energetic,direct,destab,True
cfh_c3b,R53H,fold,1,1,fold_complex,fold_complex,E5_inferred_no_axis_assay,inferred,neutral,False
cfh_c3b,R53H,binding,1,1,binding,binding,E1_quantitative_energetic,direct,neutral,True
cfh_c3b,I62V,monomer,1,1,monomer,monomer,E3_qualitative_experimental,direct,neutral,False
cfh_c3b,I62V,fold,1,1,fold_complex,fold_complex,E5_inferred_no_axis_assay,inferred,neutral,False
vwf_gpiba,R1334Q,fold,0,1,fold_complex,fold_complex,E5_inferred_no_axis_assay,inferred,neutral,False
vwf_gpiba,R1334Q,binding,1,1,binding,binding,E1_quantitative_energetic,direct,destab,True
vwf_gpiba,A1381T,binding,1,1,binding,binding,E1_quantitative_energetic,direct,neutral,True
