variant,measured_kcal,foldx_ddg,axis,system,source,in_benchmark,g73,citation,derivation
M1663K,-0.03,0.4458,Monomer fold,BRCA1 BRCT,GdmCl unfolding,True,False,"Rowling, Cook & Itzhaki 2010 JBC 285:20080 (doi:10.1074/jbc.M109.088922), Table S1",Guanidinium-chloride unfolding free energy of the isolated BRCT domain
P1806A,0.06,1.6691,Monomer fold,BRCA1 BRCT,GdmCl unfolding,True,False,"Rowling, Cook & Itzhaki 2010 JBC 285:20080 (doi:10.1074/jbc.M109.088922), Table S1",Guanidinium-chloride unfolding free energy of the isolated BRCT domain
L1664P,1.18,0.5333,Monomer fold,BRCA1 BRCT,GdmCl unfolding,True,False,"Rowling, Cook & Itzhaki 2010 JBC 285:20080 (doi:10.1074/jbc.M109.088922), Table S1",Guanidinium-chloride unfolding free energy of the isolated BRCT domain
R1751Q,1.57,0.7285,Monomer fold,BRCA1 BRCT,GdmCl unfolding,True,False,"Rowling, Cook & Itzhaki 2010 JBC 285:20080 (doi:10.1074/jbc.M109.088922), Table S1",Guanidinium-chloride unfolding free energy of the isolated BRCT domain
V1665M,2.22,2.979,Monomer fold,BRCA1 BRCT,GdmCl unfolding,True,False,"Rowling, Cook & Itzhaki 2010 JBC 285:20080 (doi:10.1074/jbc.M109.088922), Table S1",Guanidinium-chloride unfolding free energy of the isolated BRCT domain
V1808A,2.4,3.5669,Monomer fold,BRCA1 BRCT,GdmCl unfolding,True,False,"Rowling, Cook & Itzhaki 2010 JBC 285:20080 (doi:10.1074/jbc.M109.088922), Table S1",Guanidinium-chloride unfolding free energy of the isolated BRCT domain
M1783T,3.73,2.8551,Monomer fold,BRCA1 BRCT,GdmCl unfolding,True,False,"Rowling, Cook & Itzhaki 2010 JBC 285:20080 (doi:10.1074/jbc.M109.088922), Table S1",Guanidinium-chloride unfolding free energy of the isolated BRCT domain
V1736A,4.2,1.2414,Monomer fold,BRCA1 BRCT,GdmCl unfolding,True,False,"Rowling, Cook & Itzhaki 2010 JBC 285:20080 (doi:10.1074/jbc.M109.088922), Table S1",Guanidinium-chloride unfolding free energy of the isolated BRCT domain
A1843P,4.89,6.4287,Monomer fold,BRCA1 BRCT,GdmCl unfolding,True,False,"Rowling, Cook & Itzhaki 2010 JBC 285:20080 (doi:10.1074/jbc.M109.088922), Table S1",Guanidinium-chloride unfolding free energy of the isolated BRCT domain
Y1853C,6.04,3.3869,Monomer fold,BRCA1 BRCT,GdmCl unfolding,True,False,"Rowling, Cook & Itzhaki 2010 JBC 285:20080 (doi:10.1074/jbc.M109.088922), Table S1",Guanidinium-chloride unfolding free energy of the isolated BRCT domain
N102T,3.0,-0.1374,Binding,Hb tetramer,assembly energetics,True,False,Bonaventura & Riggs 1968 JBC 243:980 (Hb Kansas),Source states NO kcal value: it reports Kd(tetramer->dimer) of ~1.0-1.4 uM for normal oxyhemoglobin against ~200 uM for Hb Kansas. Value derived in code as RT*ln(ratio) and expressed PER TETRAMER to match the Kiger/Kwiatkowski convention used by the other four rows
W37Y,2.0,1.5986,Binding,Hb tetramer,assembly energetics,True,False,"Kiger / Kwiatkowski Biochemistry 1998 (PMID 9521754, 9671511)","Equilibrium dimer->tetramer assembly free energy, stated PER TETRAMER by the source"
W37A,5.0,4.5339,Binding,Hb tetramer,assembly energetics,True,False,"Kiger / Kwiatkowski Biochemistry 1998 (PMID 9521754, 9671511)","Equilibrium dimer->tetramer assembly free energy, stated PER TETRAMER by the source"
W37G,7.0,5.449,Binding,Hb tetramer,assembly energetics,True,False,"Kiger / Kwiatkowski Biochemistry 1998 (PMID 9521754, 9671511)","Equilibrium dimer->tetramer assembly free energy, stated PER TETRAMER by the source"
W37E,9.0,5.1379,Binding,Hb tetramer,assembly energetics,True,False,"Kiger / Kwiatkowski Biochemistry 1998 (PMID 9521754, 9671511)","Equilibrium dimer->tetramer assembly free energy, stated PER TETRAMER by the source"
DA54A,-0.528,-0.469,Binding,Barnase–barstar,SPR/ITC (SKEMPI),False,False,"SKEMPI 2.0 (Jankauskaite 2019 Bioinformatics 35:462, doi:10.1093/bioinformatics/bty635)",Curated experimental binding free energy; external to the benchmark cohort
YD29F,-0.132,0.49,Binding,Barnase–barstar,SPR/ITC (SKEMPI),False,False,"SKEMPI 2.0 (Jankauskaite 2019 Bioinformatics 35:462, doi:10.1093/bioinformatics/bty635)",Curated experimental binding free energy; external to the benchmark cohort
WD44F,0.056,1.732,Binding,Barnase–barstar,SPR/ITC (SKEMPI),False,False,"SKEMPI 2.0 (Jankauskaite 2019 Bioinformatics 35:462, doi:10.1093/bioinformatics/bty635)",Curated experimental binding free energy; external to the benchmark cohort
EA60A,0.094,0.157,Binding,Barnase–barstar,SPR/ITC (SKEMPI),False,False,"SKEMPI 2.0 (Jankauskaite 2019 Bioinformatics 35:462, doi:10.1093/bioinformatics/bty635)",Curated experimental binding free energy; external to the benchmark cohort
ED80A,0.476,0.727,Binding,Barnase–barstar,SPR/ITC (SKEMPI),False,False,"SKEMPI 2.0 (Jankauskaite 2019 Bioinformatics 35:462, doi:10.1093/bioinformatics/bty635)",Curated experimental binding free energy; external to the benchmark cohort
ED76A,1.093,1.794,Binding,Barnase–barstar,SPR/ITC (SKEMPI),False,False,"SKEMPI 2.0 (Jankauskaite 2019 Bioinformatics 35:462, doi:10.1093/bioinformatics/bty635)",Curated experimental binding free energy; external to the benchmark cohort
WA35F,1.26,0.169,Binding,Barnase–barstar,SPR/ITC (SKEMPI),False,False,"SKEMPI 2.0 (Jankauskaite 2019 Bioinformatics 35:462, doi:10.1093/bioinformatics/bty635)",Curated experimental binding free energy; external to the benchmark cohort
EA73Q,1.451,-1.015,Binding,Barnase–barstar,SPR/ITC (SKEMPI),False,True,"SKEMPI 2.0 (Jankauskaite 2019 Bioinformatics 35:462, doi:10.1093/bioinformatics/bty635)",Curated experimental binding free energy; external to the benchmark cohort
WD38F,1.642,1.155,Binding,Barnase–barstar,SPR/ITC (SKEMPI),False,False,"SKEMPI 2.0 (Jankauskaite 2019 Bioinformatics 35:462, doi:10.1093/bioinformatics/bty635)",Curated experimental binding free energy; external to the benchmark cohort
EA73W,1.656,-1.546,Binding,Barnase–barstar,SPR/ITC (SKEMPI),False,True,"SKEMPI 2.0 (Jankauskaite 2019 Bioinformatics 35:462, doi:10.1093/bioinformatics/bty635)",Curated experimental binding free energy; external to the benchmark cohort
TD42A,1.857,0.273,Binding,Barnase–barstar,SPR/ITC (SKEMPI),False,False,"SKEMPI 2.0 (Jankauskaite 2019 Bioinformatics 35:462, doi:10.1093/bioinformatics/bty635)",Curated experimental binding free energy; external to the benchmark cohort
EA73F,2.234,-1.33,Binding,Barnase–barstar,SPR/ITC (SKEMPI),False,True,"SKEMPI 2.0 (Jankauskaite 2019 Bioinformatics 35:462, doi:10.1093/bioinformatics/bty635)",Curated experimental binding free energy; external to the benchmark cohort
EA73A,2.352,-1.288,Binding,Barnase–barstar,SPR/ITC (SKEMPI),False,True,"SKEMPI 2.0 (Jankauskaite 2019 Bioinformatics 35:462, doi:10.1093/bioinformatics/bty635)",Curated experimental binding free energy; external to the benchmark cohort
EA73Y,2.412,-1.66,Binding,Barnase–barstar,SPR/ITC (SKEMPI),False,True,"SKEMPI 2.0 (Jankauskaite 2019 Bioinformatics 35:462, doi:10.1093/bioinformatics/bty635)",Curated experimental binding free energy; external to the benchmark cohort
RA59K,2.487,3.024,Binding,Barnase–barstar,SPR/ITC (SKEMPI),False,False,"SKEMPI 2.0 (Jankauskaite 2019 Bioinformatics 35:462, doi:10.1093/bioinformatics/bty635)",Curated experimental binding free energy; external to the benchmark cohort
EA73C,2.527,-1.024,Binding,Barnase–barstar,SPR/ITC (SKEMPI),False,True,"SKEMPI 2.0 (Jankauskaite 2019 Bioinformatics 35:462, doi:10.1093/bioinformatics/bty635)",Curated experimental binding free energy; external to the benchmark cohort
EA73S,3.009,-1.113,Binding,Barnase–barstar,SPR/ITC (SKEMPI),False,True,"SKEMPI 2.0 (Jankauskaite 2019 Bioinformatics 35:462, doi:10.1093/bioinformatics/bty635)",Curated experimental binding free energy; external to the benchmark cohort
NA58A,3.089,-0.002,Binding,Barnase–barstar,SPR/ITC (SKEMPI),False,False,"SKEMPI 2.0 (Jankauskaite 2019 Bioinformatics 35:462, doi:10.1093/bioinformatics/bty635)",Curated experimental binding free energy; external to the benchmark cohort
YD29A,3.469,2.436,Binding,Barnase–barstar,SPR/ITC (SKEMPI),False,False,"SKEMPI 2.0 (Jankauskaite 2019 Bioinformatics 35:462, doi:10.1093/bioinformatics/bty635)",Curated experimental binding free energy; external to the benchmark cohort
HA102D,4.548,1.211,Binding,Barnase–barstar,SPR/ITC (SKEMPI),False,False,"SKEMPI 2.0 (Jankauskaite 2019 Bioinformatics 35:462, doi:10.1093/bioinformatics/bty635)",Curated experimental binding free energy; external to the benchmark cohort
HA102Q,4.548,2.01,Binding,Barnase–barstar,SPR/ITC (SKEMPI),False,False,"SKEMPI 2.0 (Jankauskaite 2019 Bioinformatics 35:462, doi:10.1093/bioinformatics/bty635)",Curated experimental binding free energy; external to the benchmark cohort
RA83Q,5.417,3.305,Binding,Barnase–barstar,SPR/ITC (SKEMPI),False,False,"SKEMPI 2.0 (Jankauskaite 2019 Bioinformatics 35:462, doi:10.1093/bioinformatics/bty635)",Curated experimental binding free energy; external to the benchmark cohort
HA102G,6.817,2.196,Binding,Barnase–barstar,SPR/ITC (SKEMPI),False,False,"SKEMPI 2.0 (Jankauskaite 2019 Bioinformatics 35:462, doi:10.1093/bioinformatics/bty635)",Curated experimental binding free energy; external to the benchmark cohort
HA102L,7.662,1.189,Binding,Barnase–barstar,SPR/ITC (SKEMPI),False,False,"SKEMPI 2.0 (Jankauskaite 2019 Bioinformatics 35:462, doi:10.1093/bioinformatics/bty635)",Curated experimental binding free energy; external to the benchmark cohort
DB163K,-1.982,-0.93,Binding,TEM1–BLIP,SPR/ITC (SKEMPI),False,False,"SKEMPI 2.0 (Jankauskaite 2019 Bioinformatics 35:462, doi:10.1093/bioinformatics/bty635)",Curated experimental binding free energy; external to the benchmark cohort
YB50A,-1.706,3.04,Binding,TEM1–BLIP,SPR/ITC (SKEMPI),False,False,"SKEMPI 2.0 (Jankauskaite 2019 Bioinformatics 35:462, doi:10.1093/bioinformatics/bty635)",Curated experimental binding free energy; external to the benchmark cohort
SB113A,-0.516,0.625,Binding,TEM1–BLIP,SPR/ITC (SKEMPI),False,False,"SKEMPI 2.0 (Jankauskaite 2019 Bioinformatics 35:462, doi:10.1093/bioinformatics/bty635)",Curated experimental binding free energy; external to the benchmark cohort
VB93K,-0.475,-0.005,Binding,TEM1–BLIP,SPR/ITC (SKEMPI),False,False,"SKEMPI 2.0 (Jankauskaite 2019 Bioinformatics 35:462, doi:10.1093/bioinformatics/bty635)",Curated experimental binding free energy; external to the benchmark cohort
NB89K,-0.455,-0.009,Binding,TEM1–BLIP,SPR/ITC (SKEMPI),False,False,"SKEMPI 2.0 (Jankauskaite 2019 Bioinformatics 35:462, doi:10.1093/bioinformatics/bty635)",Curated experimental binding free energy; external to the benchmark cohort
TB140K,-0.014,-0.03,Binding,TEM1–BLIP,SPR/ITC (SKEMPI),False,False,"SKEMPI 2.0 (Jankauskaite 2019 Bioinformatics 35:462, doi:10.1093/bioinformatics/bty635)",Curated experimental binding free energy; external to the benchmark cohort
SB39A,0.022,0.17,Binding,TEM1–BLIP,SPR/ITC (SKEMPI),False,False,"SKEMPI 2.0 (Jankauskaite 2019 Bioinformatics 35:462, doi:10.1093/bioinformatics/bty635)",Curated experimental binding free energy; external to the benchmark cohort
SB71A,0.139,0.846,Binding,TEM1–BLIP,SPR/ITC (SKEMPI),False,False,"SKEMPI 2.0 (Jankauskaite 2019 Bioinformatics 35:462, doi:10.1093/bioinformatics/bty635)",Curated experimental binding free energy; external to the benchmark cohort
TB32K,0.199,-0.026,Binding,TEM1–BLIP,SPR/ITC (SKEMPI),False,False,"SKEMPI 2.0 (Jankauskaite 2019 Bioinformatics 35:462, doi:10.1093/bioinformatics/bty635)",Curated experimental binding free energy; external to the benchmark cohort
EB73A,0.435,2.13,Binding,TEM1–BLIP,SPR/ITC (SKEMPI),False,False,"SKEMPI 2.0 (Jankauskaite 2019 Bioinformatics 35:462, doi:10.1093/bioinformatics/bty635)",Curated experimental binding free energy; external to the benchmark cohort
RB144A,0.655,1.005,Binding,TEM1–BLIP,SPR/ITC (SKEMPI),False,False,"SKEMPI 2.0 (Jankauskaite 2019 Bioinformatics 35:462, doi:10.1093/bioinformatics/bty635)",Curated experimental binding free energy; external to the benchmark cohort
YB143A,0.71,1.74,Binding,TEM1–BLIP,SPR/ITC (SKEMPI),False,False,"SKEMPI 2.0 (Jankauskaite 2019 Bioinformatics 35:462, doi:10.1093/bioinformatics/bty635)",Curated experimental binding free energy; external to the benchmark cohort
YB51A,0.799,0.735,Binding,TEM1–BLIP,SPR/ITC (SKEMPI),False,False,"SKEMPI 2.0 (Jankauskaite 2019 Bioinformatics 35:462, doi:10.1093/bioinformatics/bty635)",Curated experimental binding free energy; external to the benchmark cohort
EB31A,0.821,0.381,Binding,TEM1–BLIP,SPR/ITC (SKEMPI),False,False,"SKEMPI 2.0 (Jankauskaite 2019 Bioinformatics 35:462, doi:10.1093/bioinformatics/bty635)",Curated experimental binding free energy; external to the benchmark cohort
GB141A,1.33,-0.195,Binding,TEM1–BLIP,SPR/ITC (SKEMPI),False,False,"SKEMPI 2.0 (Jankauskaite 2019 Bioinformatics 35:462, doi:10.1093/bioinformatics/bty635)",Curated experimental binding free energy; external to the benchmark cohort
WB162A,2.262,2.057,Binding,TEM1–BLIP,SPR/ITC (SKEMPI),False,False,"SKEMPI 2.0 (Jankauskaite 2019 Bioinformatics 35:462, doi:10.1093/bioinformatics/bty635)",Curated experimental binding free energy; external to the benchmark cohort
DB49A,2.347,3.913,Binding,TEM1–BLIP,SPR/ITC (SKEMPI),False,False,"SKEMPI 2.0 (Jankauskaite 2019 Bioinformatics 35:462, doi:10.1093/bioinformatics/bty635)",Curated experimental binding free energy; external to the benchmark cohort
RB160A,2.736,1.506,Binding,TEM1–BLIP,SPR/ITC (SKEMPI),False,False,"SKEMPI 2.0 (Jankauskaite 2019 Bioinformatics 35:462, doi:10.1093/bioinformatics/bty635)",Curated experimental binding free energy; external to the benchmark cohort
YB53A,2.869,2.079,Binding,TEM1–BLIP,SPR/ITC (SKEMPI),False,False,"SKEMPI 2.0 (Jankauskaite 2019 Bioinformatics 35:462, doi:10.1093/bioinformatics/bty635)",Curated experimental binding free energy; external to the benchmark cohort
WB112A,2.879,2.485,Binding,TEM1–BLIP,SPR/ITC (SKEMPI),False,False,"SKEMPI 2.0 (Jankauskaite 2019 Bioinformatics 35:462, doi:10.1093/bioinformatics/bty635)",Curated experimental binding free energy; external to the benchmark cohort
HB148A,2.907,0.403,Binding,TEM1–BLIP,SPR/ITC (SKEMPI),False,False,"SKEMPI 2.0 (Jankauskaite 2019 Bioinformatics 35:462, doi:10.1093/bioinformatics/bty635)",Curated experimental binding free energy; external to the benchmark cohort
FB36A,3.225,1.693,Binding,TEM1–BLIP,SPR/ITC (SKEMPI),False,False,"SKEMPI 2.0 (Jankauskaite 2019 Bioinformatics 35:462, doi:10.1093/bioinformatics/bty635)",Curated experimental binding free energy; external to the benchmark cohort
KB74A,3.616,3.128,Binding,TEM1–BLIP,SPR/ITC (SKEMPI),False,False,"SKEMPI 2.0 (Jankauskaite 2019 Bioinformatics 35:462, doi:10.1093/bioinformatics/bty635)",Curated experimental binding free energy; external to the benchmark cohort
WB150A,4.314,1.919,Binding,TEM1–BLIP,SPR/ITC (SKEMPI),False,False,"SKEMPI 2.0 (Jankauskaite 2019 Bioinformatics 35:462, doi:10.1093/bioinformatics/bty635)",Curated experimental binding free energy; external to the benchmark cohort
