manuscript_item,file,upload_file,caption_title,generator
Fig 1,figures/submission/Fig1.png,figures/submission/Fig1.tif,COMAVI workflow.,figures/submission/make_submission_figures.py
Fig 2,figures/submission/Fig2.png,figures/submission/Fig2.tif,The priority score concentrates structural mechanisms at the top of the ranking.,figures/submission/make_submission_figures.py
Fig 3,figures/submission/Fig3.png,figures/submission/Fig3.tif,Every graded result depends on the energy threshold.,figures/submission/make_submission_figures.py
Fig 4,figures/submission/Fig4.png,figures/submission/Fig4.tif,Predicted energies rank measured effects but compress their magnitude.,figures/submission/make_submission_figures.py
Fig 5,figures/submission/Fig5.png,figures/submission/Fig5.tif,Pathogenicity prediction and structural prioritization rank different properties.,figures/submission/make_submission_figures.py
S1 Fig,figures/submission/S1_Fig.png,figures/submission/S1_Fig.tif,Stress tests of the mechanism-pattern score.,figures/submission/make_submission_figures.py
S2 Fig,figures/submission/S2_Fig.png,figures/submission/S2_Fig.tif,Binding-axis validation on SKEMPI 2.0.,figures/submission/make_submission_figures.py
S3 Fig,figures/submission/S3_Fig.png,figures/submission/S3_Fig.tif,Structural-context comparators on the 47-variant prioritization population.,figures/submission/make_submission_figures.py
S4 Fig,figures/submission/S4_Fig.png,figures/submission/S4_Fig.tif,Priority-score transformation and component ranking.,figures/submission/make_submission_figures.py
S5 Fig,figures/submission/S5_Fig.png,figures/submission/S5_Fig.tif,Call relationships between predicted and measured energies at 2.5 kcal/mol.,figures/submission/make_submission_figures.py
