v7.13_item,v7.14_item,note
Fig 1,Fig 1,"author's PowerPoint layout, redrawn in Arial at 6.5 in"
Fig 2,Fig 3A-B,mechanism-localization panels folded into the threshold figure
Fig 3,Fig 2,priority-score figure
Fig 4,Fig 3,threshold sweep; now also carries measured-effect recovery (D)
Fig 5,Fig 4A-B,pooled calibration
Fig 6,Fig 4C-D,"direct energy anchors (BRCT unfolding, hemoglobin assembly)"
Fig 7,Fig 5,"AlphaMissense comparison, panel B now plots the energy component as the caption says"
S1 Fig,S1 Fig,stress tests
S2 Fig,S2 Fig,"SKEMPI validation, all 48 substitutions shown"
S3 Fig,S3 Fig,structural-context comparators
S4 Fig,S4 Fig,priority-score transformation and ROC
(Fig 5C),S5 Fig,"call relationships, moved from the calibration figure"
