system,gene,variant,ref_aa,position,alt_aa,isds_v1,isds_energy_component,isds_context_component,isds_energy_ratio_uncapped,isds_dominant_axis,isds_dominant_partner,isds_dominant_signed_ddg,isds_available,isds_version,comavi_tier,comavi_score,comavi_mechanism_tSAP,comavi_mechanism_partner_tSAP,comavi_mechanism_t25,comavi_mechanism_partner_t25,comavi_mechanism_t10,comavi_mechanism_partner_t10,comavi_mechanism,comavi_mechanism_partner,foldx_errors,ddg_monomer,ddg_binding_actin,ddg_binding_cdh2,ddg_binding_ctnnb1,ddg_binding_dvl2,ddg_binding_gli3,ddg_binding_kpna1,ddg_binding_kpna6,ddg_binding_mdfi,ddg_binding_rock2,ddg_binding_shroom3,ddg_binding_tcf7l1,ddg_binding_zic3,ddg_fold_actin,ddg_fold_cdh2,ddg_fold_ctnnb1,ddg_fold_dvl2,ddg_fold_gli3,ddg_fold_kpna1,ddg_fold_kpna6,ddg_fold_mdfi,ddg_fold_rock2,ddg_fold_shroom3,ddg_fold_tcf7l1,ddg_fold_zic3
shroom3_rock2,rock2,T367M,T,367,M,0.93676375,0.8735275,1.0,6.90685714,binding,shroom3,-24.174,True,ISDS-v1,Tier 1,5.5,PPI stabilization,shroom3,PPI stabilization,shroom3,PPI stabilization,shroom3,PPI stabilization,shroom3,,-0.1458,,,,,,,,,,-24.174,,,,,,,,,,,,0.2181,,
shroom3_rock2,shroom3,G35V,G,35,V,0.93281634,0.86563268,1.0,6.44228571,binding,rock2,-22.548,True,ISDS-v1,Tier 1,6.5,Monomer fold destab. + PPI stabilization (conflicting),rock2,Monomer fold destab. + PPI stabilization (conflicting),rock2,Both fold destab. + PPI stabilization (conflicting),rock2,Both fold destab. + PPI stabilization (conflicting),rock2,,5.3617,,,,,,,,,-22.548,,,,,,,,,,,,1.5344,,,
zic3_mdfi,zic3,C297F,C,297,F,0.92217606,0.84435213,1.0,5.42475862,complex_context,mdfi,15.7318,True,ISDS-v1,Tier 1,6.0,Monomer fold destabilization,,Monomer fold destabilization,,Monomer fold destabilization,,Both fold destabilization,,,12.1058,,,,,,,,-0.0041,,,,,,,,,,,,15.7318,,,,
zic3_gli3,zic3,C297F,C,297,F,0.9033707,0.80674139,1.0,4.17441379,monomer,,12.1058,True,ISDS-v1,Tier 1,6.0,Monomer fold destabilization,,Monomer fold destabilization,,Monomer fold destabilization,,Both fold destab. + PPI stabilization (conflicting),,,12.1058,,,,,-5.5692,,,,,,,,,,,,11.8161,,,,,,,
zic3_kpna1,zic3,C297F,C,297,F,0.9033707,0.80674139,1.0,4.17441379,monomer,,12.1058,True,ISDS-v1,Tier 1,6.0,Monomer fold destabilization,,Monomer fold destabilization,,Monomer fold destabilization,,Both fold destabilization,,,12.1058,,,,,,0.0086,,,,,,,,,,,,9.2478,,,,,,
zic3_kpna6,zic3,C297F,C,297,F,0.9033707,0.80674139,1.0,4.17441379,monomer,,12.1058,True,ISDS-v1,Tier 1,6.0,Monomer fold destabilization,,Monomer fold destabilization,,Monomer fold destabilization,,Both fold destabilization,,,12.1058,,,,,,,-0.0,,,,,,,,,,,,11.9146,,,,,
zic3_tcf7l1,zic3,C297F,C,297,F,0.9033707,0.80674139,1.0,4.17441379,monomer,,12.1058,True,ISDS-v1,Tier 1,6.0,Monomer fold destabilization,,Monomer fold destabilization,,Monomer fold destabilization,,Both fold destabilization,,,12.1058,,,,,,,,,,,0.1838,,,,,,,,,,,,8.8469,
shroom3_ctnnb1,shroom3,G35V,G,35,V,0.88752924,0.77505848,1.0,3.4456,binding,ctnnb1,-12.0596,True,ISDS-v1,Tier 1,5.0,Monomer fold destabilization,,Monomer fold destabilization,,Monomer fold destabilization,,Both fold destab. + PPI stabilization (conflicting),,,5.3617,,,-12.0596,,,,,,,,,,,,7.368,,,,,,,,,
zic3_gli3,zic3,R350G,R,350,G,0.86603794,0.73207588,1.0,2.7324,binding,gli3,-9.5634,True,ISDS-v1,Tier 1,6.5,Structural variant — contact-driven (DDG neutral),,Monomer fold destabilization,,Monomer fold destabilization,,Both fold destab. + PPI stabilization (conflicting),,,2.6471,,,,,-9.5634,,,,,,,,,,,,3.0912,,,,,,,
shroom3_actin,shroom3,G35V,G,35,V,0.83372132,0.66744263,1.0,2.007,complex_context,actin,5.8203,True,ISDS-v1,Tier 1,5.0,Monomer fold destabilization,,Monomer fold destabilization,,Monomer fold destabilization,,Both fold destab. + PPI stabilization (conflicting),,,5.3617,-3.0072,,,,,,,,,,,,5.8203,,,,,,,,,,,
shroom3_dvl2,shroom3,G35V,G,35,V,0.82449133,0.64898265,1.0,1.84886207,monomer,,5.3617,True,ISDS-v1,Tier 1,5.0,Monomer fold destabilization,,Monomer fold destabilization,,Monomer fold destabilization,,Both fold destab. + PPI stabilization (conflicting),,,5.3617,,,,-1.7638,,,,,,,,,,,,5.1929,,,,,,,,
shroom3_cdh2_cyto,shroom3,G35V,G,35,V,0.82449133,0.64898265,1.0,1.84886207,monomer,,5.3617,True,ISDS-v1,Tier 1,5.0,Monomer fold destabilization,,Monomer fold destabilization,,Monomer fold destabilization,,Monomer fold destabilization,,,5.3617,,-1.2429,,,,,,,,,,,,5.1661,,,,,,,,,,
shroom3_dvl2,dvl2,D441Y,D,441,Y,0.78314746,0.56629492,1.0,1.30571429,binding,shroom3,-4.57,True,ISDS-v1,Tier 1,5.5,Structural variant — burial-driven (DDG neutral),,Structural variant — burial-driven (DDG neutral),,Structural variant — burial-driven (DDG neutral),,PPI stabilization,,,0.1968,,,,,,,,,,-4.57,,,,,,,,,,,,-0.1777,,
zic3_tcf7l1,zic3,R350G,R,350,G,0.77585407,0.55170815,1.0,1.23068966,complex_context,tcf7l1,3.569,True,ISDS-v1,Tier 1,6.5,Structural variant — contact-driven (DDG neutral),,Monomer fold destabilization,,Monomer fold destabilization,,Both fold + PPI destabilization,,,2.6471,,,,,,,,,,,2.3203,,,,,,,,,,,,3.569,
zic3_kpna1,zic3,R350G,R,350,G,0.73860215,0.4772043,1.0,0.9127931,monomer,,2.6471,True,ISDS-v1,Tier 1,5.0,Structural variant — contact-driven (DDG neutral),,Monomer fold destabilization,,Monomer fold destabilization,,Both fold destabilization,,,2.6471,,,,,,-0.0123,,,,,,,,,,,,2.0687,,,,,,
zic3_kpna6,zic3,R350G,R,350,G,0.73860215,0.4772043,1.0,0.9127931,monomer,,2.6471,True,ISDS-v1,Tier 1,5.0,Structural variant — contact-driven (DDG neutral),,Monomer fold destabilization,,Monomer fold destabilization,,Both fold destabilization,,,2.6471,,,,,,,-0.0741,,,,,,,,,,,,2.5596,,,,,
zic3_mdfi,zic3,R350G,R,350,G,0.73860215,0.4772043,1.0,0.9127931,monomer,,2.6471,True,ISDS-v1,Tier 1,6.5,Structural variant — contact-driven (DDG neutral),,Monomer fold destabilization,,Monomer fold destabilization,,Both fold destabilization at interface,,,2.6471,,,,,,,,0.507,,,,,,,,,,,,2.4833,,,,
zic3_kpna6,zic3,C253S,C,253,S,0.73218573,0.46437147,1.0,0.86696552,complex_context,kpna6,2.5142,True,ISDS-v1,Tier 1,6.0,Structural variant — contact-driven (DDG neutral),,Structural variant — contact-driven (DDG neutral),,Monomer fold destabilization,,Both fold destabilization,,,1.64,,,,,,,0.0015,,,,,,,,,,,,2.5142,,,,,
zic3_gli3,zic3,H318N,H,318,N,0.73166506,0.46333011,1.0,0.86334286,binding,gli3,-3.0217,True,ISDS-v1,Tier 1,5.5,Structural variant — contact-driven (DDG neutral),,Structural variant — contact-driven (DDG neutral),,Monomer fold destabilization,,Both fold destab. + PPI stabilization (conflicting),,,1.4354,,,,,-3.0217,,,,,,,,,,,,1.0939,,,,,,,
shroom3_ctnnb1,shroom3,G60V,G,60,V,0.72629699,0.7859273,0.66666667,3.67131034,complex_context,ctnnb1,10.6468,True,ISDS-v1,Tier 2,3.5,Monomer fold destabilization,,Monomer fold destabilization,,Monomer fold destabilization,,Both fold destabilization at interface,,,4.143,,,0.0622,,,,,,,,,,,,10.6468,,,,,,,,,
zic3_gli3,zic3,C253S,C,253,S,0.71932949,0.43865898,1.0,0.78144828,complex_context,gli3,2.2662,True,ISDS-v1,Tier 1,6.0,Structural variant — contact-driven (DDG neutral),,Structural variant — contact-driven (DDG neutral),,Monomer fold destabilization,,Both fold destabilization,,,1.64,,,,,0.0478,,,,,,,,,,,,2.2662,,,,,,,
zic3_mdfi,zic3,C253S,C,253,S,0.71736546,0.43473091,1.0,0.76906897,complex_context,mdfi,2.2303,True,ISDS-v1,Tier 1,6.0,Structural variant — contact-driven (DDG neutral),,Structural variant — contact-driven (DDG neutral),,Monomer fold destabilization,,Both fold destabilization,,,1.64,,,,,,,,0.0,,,,,,,,,,,,2.2303,,,,
shroom3_rock2,rock2,F136C,F,136,C,0.70303924,0.40607848,1.0,0.68372414,monomer,,1.9828,True,ISDS-v1,Tier 1,6.0,Structural variant — contact-driven (DDG neutral),,Structural variant — contact-driven (DDG neutral),,Both fold destabilization,,Both fold destabilization,,,1.9828,,,,,,,,,,0.104,,,,,,,,,,,,1.6639,,
zic3_tcf7l1,zic3,C253S,C,253,S,0.68793044,0.37586088,1.0,0.6022069,complex_context,tcf7l1,1.7464,True,ISDS-v1,Tier 1,6.0,Structural variant — contact-driven (DDG neutral),,Structural variant — contact-driven (DDG neutral),,Monomer fold destabilization,,Both fold destabilization,,,1.64,,,,,,,,,,,0.0,,,,,,,,,,,,1.7464,
zic3_kpna1,zic3,C253S,C,253,S,0.68061674,0.36123348,1.0,0.56551724,monomer,,1.64,True,ISDS-v1,Tier 1,6.0,Structural variant — contact-driven (DDG neutral),,Structural variant — contact-driven (DDG neutral),,Monomer fold destabilization,,Monomer fold destabilization,,,1.64,,,,,,0.0173,,,,,,,,,,,,0.8754,,,,,,
zic3_tcf7l1,zic3,H318N,H,318,N,0.67955093,0.35910186,1.0,0.56031034,complex_context,tcf7l1,1.6249,True,ISDS-v1,Tier 1,5.5,Structural variant — contact-driven (DDG neutral),,Structural variant — contact-driven (DDG neutral),,Monomer fold destabilization,,Both fold destabilization at interface,,,1.4354,,,,,,,,,,,0.5197,,,,,,,,,,,,1.6249,
shroom3_ctnnb1,ctnnb1,T297M,T,297,M,0.67930996,0.35861993,1.0,0.55913793,complex_context,shroom3,1.6215,True,ISDS-v1,Tier 1,5.0,Structural variant — contact-driven (DDG neutral),,Structural variant — contact-driven (DDG neutral),,Structural variant — contact-driven (DDG neutral),,Multimer fold destabilization,,,0.8415,,,,,,,,,,0.0,,,,,,,,,,,,1.6215,,
zic3_mdfi,zic3,H318N,H,318,N,0.67236821,0.34473643,1.0,0.52610345,complex_context,mdfi,1.5257,True,ISDS-v1,Tier 1,5.5,Structural variant — contact-driven (DDG neutral),,Structural variant — contact-driven (DDG neutral),,Monomer fold destabilization,,Both fold destabilization at interface,,,1.4354,,,,,,,,0.1906,,,,,,,,,,,,1.5257,,,,
zic3_gli3,zic3,S402P,S,402,P,0.65977216,0.65287764,0.66666667,1.88082857,binding,gli3,-6.5829,True,ISDS-v1,Tier 2,3.5,No structural effect detected,,No structural effect detected,,Monomer fold stabilization,,Both fold + PPI stabilization,,,-1.6239,,,,,-6.5829,,,,,,,,,,,,-1.6505,,,,,,,
zic3_gli3,zic3,T323M,T,323,M,0.61454778,0.56242889,0.66666667,1.28534286,binding,gli3,-4.4987,True,ISDS-v1,Tier 2,4.0,Structural variant — contact-driven (DDG neutral),,Structural variant — contact-driven (DDG neutral),,Structural variant — contact-driven (DDG neutral),,PPI stabilization,,,0.482,,,,,-4.4987,,,,,,,,,,,,0.4773,,,,,,,
zic3_tcf7l1,zic3,H281Y,H,281,Y,0.61343642,0.22687283,1.0,0.29344828,complex_context,tcf7l1,0.851,True,ISDS-v1,Tier 1,5.0,Structural variant — contact-driven (DDG neutral),,Structural variant — contact-driven (DDG neutral),,Structural variant — contact-driven (DDG neutral),,Structural variant — contact-driven (DDG neutral),,,-0.5916,,,,,,,,,,,-0.0001,,,,,,,,,,,,0.851,
zic3_mdfi,zic3,H281Y,H,281,Y,0.60930132,0.21860265,1.0,0.27975862,complex_context,mdfi,0.8113,True,ISDS-v1,Tier 1,5.0,Structural variant — contact-driven (DDG neutral),,Structural variant — contact-driven (DDG neutral),,Structural variant — contact-driven (DDG neutral),,Structural variant — contact-driven (DDG neutral),,,-0.5916,,,,,,,,-0.001,,,,,,,,,,,,0.8113,,,,
zic3_gli3,zic3,K405E,K,405,E,0.60925589,0.55184512,0.66666667,1.23137143,binding,gli3,-4.3098,True,ISDS-v1,Tier 2,3.5,No structural effect detected,,No structural effect detected,,No structural effect detected,,Multimer fold destab. + PPI stabilization (conflicting),,,-0.0338,,,,,-4.3098,,,,,,,,,,,,2.5284,,,,,,,
zic3_gli3,zic3,H281Y,H,281,Y,0.58471761,0.16943522,1.0,0.204,monomer,,-0.5916,True,ISDS-v1,Tier 1,5.0,Structural variant — contact-driven (DDG neutral),,Structural variant — contact-driven (DDG neutral),,Structural variant — contact-driven (DDG neutral),,Structural variant — contact-driven (DDG neutral),,,-0.5916,,,,,-0.0634,,,,,,,,,,,,-0.457,,,,,,,
zic3_kpna1,zic3,H281Y,H,281,Y,0.58471761,0.16943522,1.0,0.204,monomer,,-0.5916,True,ISDS-v1,Tier 1,5.0,Structural variant — contact-driven (DDG neutral),,Structural variant — contact-driven (DDG neutral),,Structural variant — contact-driven (DDG neutral),,Structural variant — contact-driven (DDG neutral),,,-0.5916,,,,,,0.0224,,,,,,,,,,,,-0.0672,,,,,,
zic3_kpna6,zic3,H281Y,H,281,Y,0.58471761,0.16943522,1.0,0.204,monomer,,-0.5916,True,ISDS-v1,Tier 1,5.0,Structural variant — contact-driven (DDG neutral),,Structural variant — contact-driven (DDG neutral),,Structural variant — contact-driven (DDG neutral),,Structural variant — contact-driven (DDG neutral),,,-0.5916,,,,,,,0.0065,,,,,,,,,,,,0.5288,,,,,
zic3_kpna1,zic3,T323M,T,323,M,0.58111994,0.49557322,0.66666667,0.98244828,complex_context,kpna1,2.8491,True,ISDS-v1,Tier 2,4.0,Structural variant — contact-driven (DDG neutral),,Structural variant — contact-driven (DDG neutral),,Structural variant — contact-driven (DDG neutral),,Multimer fold destabilization,,,0.482,,,,,,0.0795,,,,,,,,,,,,2.8491,,,,,,
zic3_kpna6,kpna6,I498T,I,498,T,0.54871825,0.43076983,0.66666667,0.75675862,complex_context,zic3,2.1946,True,ISDS-v1,Tier 2,4.0,Structural variant — contact-driven (DDG neutral),,Structural variant — contact-driven (DDG neutral),,Monomer fold destabilization,,Both fold destabilization,,,1.2499,,,,,,,,,,,,0.0,,,,,,,,,,,,2.1946
shroom3_actin,shroom3,G60V,G,60,V,0.53925015,0.74516696,0.33333333,2.92413793,complex_context,actin,8.48,True,ISDS-v1,Tier 3,2.0,Monomer fold destabilization,,Monomer fold destabilization,,Monomer fold destabilization,,Both fold destab. + PPI stabilization (conflicting),,,4.143,-1.1968,,,,,,,,,,,,8.48,,,,,,,,,,,
zic3_mdfi,zic3,T323M,T,323,M,0.52586286,0.38505906,0.66666667,0.62617241,complex_context,mdfi,1.8159,True,ISDS-v1,Tier 2,4.0,Structural variant — contact-driven (DDG neutral),,Structural variant — contact-driven (DDG neutral),,Structural variant — contact-driven (DDG neutral),,Multimer fold destabilization,,,0.482,,,,,,,,-0.0645,,,,,,,,,,,,1.8159,,,,
zic3_kpna6,zic3,T323M,T,323,M,0.50513053,0.34359439,0.66666667,0.52344828,complex_context,kpna6,1.518,True,ISDS-v1,Tier 2,4.0,Structural variant — contact-driven (DDG neutral),,Structural variant — contact-driven (DDG neutral),,Structural variant — contact-driven (DDG neutral),,Multimer fold destabilization,,,0.482,,,,,,,0.0547,,,,,,,,,,,,1.518,,,,,
zic3_kpna6,zic3,H318N,H,318,N,0.50299958,0.3393325,0.66666667,0.51362069,complex_context,kpna6,1.4895,True,ISDS-v1,Tier 2,4.0,Structural variant — contact-driven (DDG neutral),,Structural variant — contact-driven (DDG neutral),,Monomer fold destabilization,,Both fold destabilization,,,1.4354,,,,,,,0.0001,,,,,,,,,,,,1.4895,,,,,
zic3_kpna1,zic3,H318N,H,318,N,0.49887746,0.33108825,0.66666667,0.49496552,monomer,,1.4354,True,ISDS-v1,Tier 2,4.0,Structural variant — contact-driven (DDG neutral),,Structural variant — contact-driven (DDG neutral),,Monomer fold destabilization,,Monomer fold destabilization,,,1.4354,,,,,,-0.0005,,,,,,,,,,,,0.7352,,,,,,
zic3_kpna6,kpna6,K424N,K,424,N,0.47314753,0.27962839,0.66666667,0.38817241,monomer,,1.1257,True,ISDS-v1,Tier 2,3.0,Structural variant — contact-driven (DDG neutral),,Structural variant — contact-driven (DDG neutral),,Monomer fold destabilization,,Monomer fold destabilization,,,1.1257,,,,,,,,,,,,0.0051,,,,,,,,,,,,0.8688
zic3_kpna6,kpna6,R128Q,R,128,Q,0.47176437,0.27686208,0.66666667,0.38286207,monomer,,1.1103,True,ISDS-v1,Tier 2,3.0,Structural variant — contact-driven (DDG neutral),,Structural variant — contact-driven (DDG neutral),,Monomer fold destabilization,,Monomer fold destabilization,,,1.1103,,,,,,,,,,,,0.0002,,,,,,,,,,,,0.6402
shroom3_ctnnb1,ctnnb1,R151C,R,151,C,0.46926785,0.27186904,0.66666667,0.37337931,monomer,,1.0828,True,ISDS-v1,Tier 2,3.0,Structural variant — burial-driven (DDG neutral),,Structural variant — burial-driven (DDG neutral),,Monomer fold destabilization,,Monomer fold destabilization,,,1.0828,,,,,,,,,,0.0,,,,,,,,,,,,0.7539,,
shroom3_dvl2,shroom3,G60V,G,60,V,0.46078849,0.58824365,0.33333333,1.42862069,monomer,,4.143,True,ISDS-v1,Tier 3,2.0,Monomer fold destabilization,,Monomer fold destabilization,,Monomer fold destabilization,,Both fold destabilization,,,4.143,,,,0.0,,,,,,,,,,,,3.4266,,,,,,,,
shroom3_rock2,shroom3,G60V,G,60,V,0.46078849,0.58824365,0.33333333,1.42862069,monomer,,4.143,True,ISDS-v1,Tier 3,2.0,Both fold destabilization,,Both fold destabilization,,Both fold destabilization,,Both fold destabilization,,,4.143,,,,,,,,,-0.01,,,,,,,,,,,,4.1101,,,
shroom3_cdh2_cyto,shroom3,G60V,G,60,V,0.46078849,0.58824365,0.33333333,1.42862069,monomer,,4.143,True,ISDS-v1,Tier 3,2.0,Monomer fold destabilization,,Monomer fold destabilization,,Monomer fold destabilization,,Monomer fold destabilization,,,4.143,,0.0387,,,,,,,,,,,,3.8706,,,,,,,,,,
shroom3_rock2,shroom3,V106L,V,106,L,0.45329454,0.23992242,0.66666667,0.31565517,complex_context,rock2,0.9154,True,ISDS-v1,Tier 2,4.0,Structural variant — contact-driven (DDG neutral),,Structural variant — contact-driven (DDG neutral),,Structural variant — contact-driven (DDG neutral),,Structural variant — contact-driven (DDG neutral),,,0.743,,,,,,,,,0.0,,,,,,,,,,,,0.9154,,,
shroom3_actin,shroom3,V106L,V,106,L,0.43530973,0.20395279,0.66666667,0.2562069,monomer,,0.743,True,ISDS-v1,Tier 2,4.0,Structural variant — contact-driven (DDG neutral),,Structural variant — contact-driven (DDG neutral),,Structural variant — contact-driven (DDG neutral),,Structural variant — contact-driven (DDG neutral),,,0.743,0.0,,,,,,,,,,,,0.256,,,,,,,,,,,
shroom3_dvl2,shroom3,V106L,V,106,L,0.43530973,0.20395279,0.66666667,0.2562069,monomer,,0.743,True,ISDS-v1,Tier 2,4.0,Structural variant — contact-driven (DDG neutral),,Structural variant — contact-driven (DDG neutral),,Structural variant — contact-driven (DDG neutral),,Structural variant — contact-driven (DDG neutral),,,0.743,,,,-0.0604,,,,,,,,,,,,-0.0134,,,,,,,,
shroom3_ctnnb1,shroom3,V106L,V,106,L,0.43530973,0.20395279,0.66666667,0.2562069,monomer,,0.743,True,ISDS-v1,Tier 2,4.0,Structural variant — contact-driven (DDG neutral),,Structural variant — contact-driven (DDG neutral),,Structural variant — contact-driven (DDG neutral),,Structural variant — contact-driven (DDG neutral),,,0.743,,,-0.0084,,,,,,,,,,,,-0.2732,,,,,,,,,
shroom3_cdh2_cyto,shroom3,V106L,V,106,L,0.43530973,0.20395279,0.66666667,0.2562069,monomer,,0.743,True,ISDS-v1,Tier 2,4.0,Structural variant — contact-driven (DDG neutral),,Structural variant — contact-driven (DDG neutral),,Structural variant — contact-driven (DDG neutral),,Structural variant — contact-driven (DDG neutral),,,0.743,,0.0,,,,,,,,,,,,0.7079,,,,,,,,,,
zic3_tcf7l1,zic3,T323M,T,323,M,0.40459294,0.14251922,0.66666667,0.1662069,monomer,,0.482,True,ISDS-v1,Tier 2,4.0,Structural variant — contact-driven (DDG neutral),,Structural variant — contact-driven (DDG neutral),,Structural variant — contact-driven (DDG neutral),,Structural variant — contact-driven (DDG neutral),,,0.482,,,,,,,,,,,0.0168,,,,,,,,,,,,-0.104,
shroom3_cdh2_cyto,cdh2,N500S,N,500,S,0.40013725,0.46694116,0.33333333,0.87596552,monomer,,2.5403,True,ISDS-v1,Tier 3,2.0,No structural effect detected,,Monomer fold destabilization,,Monomer fold destabilization,,Monomer fold destabilization,,multimer BuildModel failed,2.5403,,,,,,,,,,,,,,,,,,,,,,,,
shroom3_rock2,shroom3,G1864D,G,1864,D,0.39594023,0.79188047,0.0,3.80493103,complex_context,rock2,11.0343,True,ISDS-v1,Tier 4,1.0,Multimer fold destabilization,,Multimer fold destabilization,,Multimer fold destab. + PPI stabilization (conflicting),rock2,Multimer fold destab. + PPI stabilization (conflicting),rock2,,0.8983,,,,,,,,,-2.118,,,,,,,,,,,,11.0343,,,
shroom3_cdh2_cyto,cdh2,V289I,V,289,I,0.38879351,0.11092035,0.66666667,0.12475862,monomer,,0.3618,True,ISDS-v1,Tier 2,4.0,Structural variant — contact-driven (DDG neutral),,Structural variant — contact-driven (DDG neutral),,Structural variant — contact-driven (DDG neutral),,Structural variant — contact-driven (DDG neutral),,multimer BuildModel failed,0.3618,,,,,,,,,,,,,,,,,,,,,,,,
shroom3_rock2,shroom3,P1971L,P,1971,L,0.378018,0.75603601,0.0,3.09896552,complex_context,rock2,-8.987,True,ISDS-v1,Tier 4,0.7,Multimer fold stabilization,,Multimer fold stabilization,,Multimer fold stabilization,,Multimer fold stabilization,,,0.7464,,,,,,,,,-0.004,,,,,,,,,,,,-8.987,,,
shroom3_rock2,rock2,D601V,D,601,V,0.3640473,0.06142792,0.66666667,0.06544828,monomer,,0.1898,True,ISDS-v1,Tier 2,3.0,Structural variant — burial-driven (DDG neutral),,Structural variant — burial-driven (DDG neutral),,Structural variant — burial-driven (DDG neutral),,Structural variant — burial-driven (DDG neutral),,,0.1898,,,,,,,,,,0.05,,,,,,,,,,,,-0.0608,,
shroom3_cdh2_cyto,cdh2,A118T,A,118,T,0.34677248,0.02687829,0.66666667,0.02762069,monomer,,-0.0801,True,ISDS-v1,Tier 2,3.0,Structural variant — burial-driven (DDG neutral),,Structural variant — burial-driven (DDG neutral),,Structural variant — burial-driven (DDG neutral),,Structural variant — burial-driven (DDG neutral),,multimer BuildModel failed,-0.0801,,,,,,,,,,,,,,,,,,,,,,,,
zic3_kpna1,zic3,S402P,S,402,P,0.34614676,0.35896019,0.33333333,0.55996552,monomer,,-1.6239,True,ISDS-v1,Tier 3,2.0,No structural effect detected,,No structural effect detected,,Monomer fold stabilization,,Monomer fold stabilization,,,-1.6239,,,,,,0.0,,,,,,,,,,,,-0.3031,,,,,,
zic3_kpna6,zic3,S402P,S,402,P,0.34614676,0.35896019,0.33333333,0.55996552,monomer,,-1.6239,True,ISDS-v1,Tier 3,2.0,No structural effect detected,,No structural effect detected,,Monomer fold stabilization,,Monomer fold stabilization,,,-1.6239,,,,,,,0.0,,,,,,,,,,,,-0.3096,,,,,
zic3_mdfi,zic3,S402P,S,402,P,0.34614676,0.35896019,0.33333333,0.55996552,monomer,,-1.6239,True,ISDS-v1,Tier 3,2.0,No structural effect detected,,No structural effect detected,,Monomer fold stabilization,,Monomer fold stabilization,,,-1.6239,,,,,,,,0.0,,,,,,,,,,,,-0.5485,,,,
zic3_tcf7l1,zic3,S402P,S,402,P,0.34614676,0.35896019,0.33333333,0.55996552,monomer,,-1.6239,True,ISDS-v1,Tier 3,2.0,No structural effect detected,,No structural effect detected,,Monomer fold stabilization,,Monomer fold stabilization,,,-1.6239,,,,,,,,,,,0.0016,,,,,,,,,,,,-0.3994,
zic3_kpna1,zic3,H286R,H,286,R,0.34369803,0.35406272,0.33333333,0.54813793,complex_context,kpna1,-1.5896,True,ISDS-v1,Tier 3,2.0,No structural effect detected,,No structural effect detected,,No structural effect detected,,Multimer fold stabilization,,,-0.6887,,,,,,-0.001,,,,,,,,,,,,-1.5896,,,,,,
shroom3_rock2,rock2,R35G,R,35,G,0.33070745,0.32808156,0.33333333,0.48827586,complex_context,shroom3,1.416,True,ISDS-v1,Tier 3,2.0,No structural effect detected,,No structural effect detected,,Multimer fold destabilization,,Multimer fold destabilization,,,0.5216,,,,,,,,,,0.0,,,,,,,,,,,,1.416,,
shroom3_ctnnb1,shroom3,G1864D,G,1864,D,0.30965633,0.61931266,0.0,1.62682759,complex_context,ctnnb1,4.7178,True,ISDS-v1,Tier 4,1.0,No structural effect detected,,No structural effect detected,,No structural effect detected,,Multimer fold destabilization,,,0.8983,,,-0.596,,,,,,,,,,,,4.7178,,,,,,,,,
zic3_kpna6,zic3,H286R,H,286,R,0.3033401,0.27334686,0.33333333,0.37617241,complex_context,kpna6,-1.0909,True,ISDS-v1,Tier 3,2.0,No structural effect detected,,No structural effect detected,,No structural effect detected,,Multimer fold stabilization,,,-0.6887,,,,,,,-0.0166,,,,,,,,,,,,-1.0909,,,,,
shroom3_cdh2_cyto,cdh2,Q107E,Q,107,E,0.30087454,0.26841574,0.33333333,0.36689655,monomer,,1.064,True,ISDS-v1,Tier 3,2.0,No structural effect detected,,No structural effect detected,,Monomer fold destabilization,,Monomer fold destabilization,,multimer BuildModel failed,1.064,,,,,,,,,,,,,,,,,,,,,,,,
zic3_gli3,zic3,H286R,H,286,R,0.26262063,0.19190793,0.33333333,0.23748276,monomer,,-0.6887,True,ISDS-v1,Tier 3,2.0,No structural effect detected,,No structural effect detected,,No structural effect detected,,No structural effect detected,,,-0.6887,,,,,0.1234,,,,,,,,,,,,0.1565,,,,,,,
zic3_mdfi,zic3,H286R,H,286,R,0.26262063,0.19190793,0.33333333,0.23748276,monomer,,-0.6887,True,ISDS-v1,Tier 3,2.0,No structural effect detected,,No structural effect detected,,No structural effect detected,,No structural effect detected,,,-0.6887,,,,,,,,0.016,,,,,,,,,,,,0.5218,,,,
zic3_tcf7l1,zic3,H286R,H,286,R,0.26262063,0.19190793,0.33333333,0.23748276,monomer,,-0.6887,True,ISDS-v1,Tier 3,2.0,No structural effect detected,,No structural effect detected,,No structural effect detected,,No structural effect detected,,,-0.6887,,,,,,,,,,,0.0,,,,,,,,,,,,0.4864,
shroom3_dvl2,shroom3,G1864D,G,1864,D,0.24921739,0.49843477,0.0,0.99375862,complex_context,dvl2,2.8819,True,ISDS-v1,Tier 4,1.0,No structural effect detected,,No structural effect detected,,No structural effect detected,,Multimer fold destabilization,,,0.8983,,,,-0.41,,,,,,,,,,,,2.8819,,,,,,,,
shroom3_dvl2,dvl2,E13K,E,13,K,0.22986705,0.12640077,0.33333333,0.14468966,complex_context,shroom3,0.4196,True,ISDS-v1,Tier 3,2.0,No structural effect detected,,No structural effect detected,,No structural effect detected,,No structural effect detected,,,-0.2241,,,,,,,,,,-0.0436,,,,,,,,,,,,0.4196,,
shroom3_rock2,rock2,A663T,A,663,T,0.22401319,0.11469304,0.33333333,0.12955172,monomer,,0.3757,True,ISDS-v1,Tier 3,2.0,No structural effect detected,,No structural effect detected,,No structural effect detected,,No structural effect detected,,,0.3757,,,,,,,,,,-0.082,,,,,,,,,,,,-0.1123,,
zic3_kpna1,kpna1,I381L,I,381,L,0.22041671,0.10750008,0.33333333,0.12044828,complex_context,zic3,-0.3493,True,ISDS-v1,Tier 3,2.0,No structural effect detected,,No structural effect detected,,No structural effect detected,,No structural effect detected,,,-0.1344,,,,,,,,,,,,0.0,,,,,,,,,,,,-0.3493
shroom3_dvl2,dvl2,M261V,M,261,V,0.20220981,0.40441962,0.0,0.67903448,monomer,,1.9692,True,ISDS-v1,Tier 4,0.0,No structural effect detected,,No structural effect detected,,Monomer fold destabilization,,Monomer fold destabilization,,,1.9692,,,,,,,,,,-0.2862,,,,,,,,,,,,0.8981,,
zic3_kpna6,zic3,K405E,K,405,E,0.192764,0.05219466,0.33333333,0.05506897,complex_context,kpna6,-0.1597,True,ISDS-v1,Tier 3,2.0,No structural effect detected,,No structural effect detected,,No structural effect detected,,No structural effect detected,,,-0.0338,,,,,,,0.0,,,,,,,,,,,,-0.1597,,,,,
zic3_mdfi,zic3,K405E,K,405,E,0.18767618,0.04201903,0.33333333,0.04386207,complex_context,mdfi,-0.1272,True,ISDS-v1,Tier 3,2.0,No structural effect detected,,No structural effect detected,,No structural effect detected,,No structural effect detected,,,-0.0338,,,,,,,,0.0,,,,,,,,,,,,-0.1272,,,,
zic3_kpna1,zic3,K405E,K,405,E,0.18442641,0.03551949,0.33333333,0.03682759,complex_context,kpna1,-0.1068,True,ISDS-v1,Tier 3,2.0,No structural effect detected,,No structural effect detected,,No structural effect detected,,No structural effect detected,,,-0.0338,,,,,,0.0,,,,,,,,,,,,-0.1068,,,,,,
zic3_tcf7l1,zic3,K405E,K,405,E,0.17304965,0.01276596,0.33333333,0.01293103,complex_context,tcf7l1,-0.0375,True,ISDS-v1,Tier 3,2.0,No structural effect detected,,No structural effect detected,,No structural effect detected,,No structural effect detected,,,-0.0338,,,,,,,,,,,0.0,,,,,,,,,,,,-0.0375,
shroom3_cdh2_cyto,cdh2,P449T,P,449,T,0.15917638,0.31835276,0.0,0.46703448,monomer,,1.3544,True,ISDS-v1,Tier 4,1.0,No structural effect detected,,No structural effect detected,,Monomer fold destabilization,,Monomer fold destabilization,,multimer BuildModel failed,1.3544,,,,,,,,,,,,,,,,,,,,,,,,
shroom3_rock2,rock2,I41V,I,41,V,0.1382055,0.276411,0.0,0.382,monomer,,1.1078,True,ISDS-v1,Tier 4,1.0,No structural effect detected,,No structural effect detected,,Both fold destabilization,,Both fold destabilization,,,1.1078,,,,,,,,,,0.0,,,,,,,,,,,,1.0979,,
zic3_mdfi,mdfi,T178K,T,178,K,0.12962963,0.25925926,0.0,0.35,monomer,,-1.015,True,ISDS-v1,Tier 4,1.4,No structural effect detected,,No structural effect detected,,Monomer fold stabilization,,Monomer fold stabilization,,,-1.015,,,,,,,,,,,,1.7195,,,,,,,,,,,,1.624
shroom3_dvl2,dvl2,R415Q,R,415,Q,0.12723977,0.25447955,0.0,0.34134483,monomer,,0.9899,True,ISDS-v1,Tier 4,0.0,No structural effect detected,,No structural effect detected,,No structural effect detected,,No structural effect detected,,,0.9899,,,,,,,,,,0.0,,,,,,,,,,,,1.5333,,
shroom3_actin,shroom3,G1864D,G,1864,D,0.11825027,0.23650054,0.0,0.30975862,monomer,,0.8983,True,ISDS-v1,Tier 4,1.0,No structural effect detected,,No structural effect detected,,No structural effect detected,,No structural effect detected,,,0.8983,0.0,,,,,,,,,,,,0.0822,,,,,,,,,,,
shroom3_cdh2_cyto,shroom3,G1864D,G,1864,D,0.11825027,0.23650054,0.0,0.30975862,monomer,,0.8983,True,ISDS-v1,Tier 4,1.0,No structural effect detected,,No structural effect detected,,No structural effect detected,,No structural effect detected,,,0.8983,,-0.0106,,,,,,,,,,,,1.4978,,,,,,,,,,
shroom3_rock2,shroom3,N1972D,N,1972,D,0.11025696,0.22051392,0.0,0.28289655,complex_context,rock2,0.8204,True,ISDS-v1,Tier 4,0.0,No structural effect detected,,No structural effect detected,,No structural effect detected,,No structural effect detected,,,0.1426,,,,,,,,,-0.164,,,,,,,,,,,,0.8204,,,
shroom3_actin,shroom3,T1012N,T,1012,N,0.10697151,0.21394302,0.0,0.27217241,monomer,,-0.7893,True,ISDS-v1,Tier 4,0.7,No structural effect detected,,No structural effect detected,,No structural effect detected,,No structural effect detected,,,-0.7893,-1.7442,,,,,,,,,,,,1.1372,,,,,,,,,,,
shroom3_dvl2,shroom3,T1012N,T,1012,N,0.10697151,0.21394302,0.0,0.27217241,monomer,,-0.7893,True,ISDS-v1,Tier 4,0.7,No structural effect detected,,No structural effect detected,,No structural effect detected,,No structural effect detected,,,-0.7893,,,,-0.8624,,,,,,,,,,,,-2.3574,,,,,,,,
shroom3_ctnnb1,shroom3,T1012N,T,1012,N,0.10697151,0.21394302,0.0,0.27217241,monomer,,-0.7893,True,ISDS-v1,Tier 4,0.7,No structural effect detected,,No structural effect detected,,No structural effect detected,,No structural effect detected,,,-0.7893,,,-0.6756,,,,,,,,,,,,-1.8278,,,,,,,,,
shroom3_rock2,shroom3,T1012N,T,1012,N,0.10697151,0.21394302,0.0,0.27217241,monomer,,-0.7893,True,ISDS-v1,Tier 4,0.7,No structural effect detected,,No structural effect detected,,No structural effect detected,,No structural effect detected,,,-0.7893,,,,,,,,,-8.144,,,,,,,,,,,,-0.9667,,,
shroom3_cdh2_cyto,shroom3,T1012N,T,1012,N,0.10697151,0.21394302,0.0,0.27217241,monomer,,-0.7893,True,ISDS-v1,Tier 4,0.7,No structural effect detected,,No structural effect detected,,No structural effect detected,,No structural effect detected,,,-0.7893,,-0.0099,,,,,,,,,,,,1.6428,,,,,,,,,,
shroom3_cdh2_cyto,cdh2,N64H,N,64,H,0.09499469,0.18998939,0.0,0.23455172,monomer,,0.6802,True,ISDS-v1,Tier 4,1.0,No structural effect detected,,No structural effect detected,,No structural effect detected,,No structural effect detected,,multimer BuildModel failed,0.6802,,,,,,,,,,,,,,,,,,,,,,,,
shroom3_dvl2,dvl2,P688L,P,688,L,0.09360987,0.18721973,0.0,0.23034483,monomer,,0.668,True,ISDS-v1,Tier 4,0.0,No structural effect detected,,No structural effect detected,,No structural effect detected,,No structural effect detected,,,0.668,,,,,,,,,,0.0,,,,,,,,,,,,0.1758,,
shroom3_cdh2_cyto,cdh2,N845S,N,845,S,0.08869915,0.17739831,0.0,0.21565517,monomer,,0.6254,True,ISDS-v1,Tier 4,1.0,No structural effect detected,,No structural effect detected,,No structural effect detected,,No structural effect detected,,,0.6254,,,,,,,,,,-0.6559,,,,,,,,,,,,0.7755,,
zic3_mdfi,mdfi,A187T,A,187,T,0.06526953,0.13053907,0.0,0.15013793,monomer,,0.4354,True,ISDS-v1,Tier 4,1.4,No structural effect detected,,No structural effect detected,,No structural effect detected,,No structural effect detected,,,0.4354,,,,,,,,,,,,0.0607,,,,,,,,,,,,0.932
shroom3_cdh2_cyto,cdh2,V309M,V,309,M,0.05503728,0.11007457,0.0,0.12368966,monomer,,-0.3587,True,ISDS-v1,Tier 4,1.0,No structural effect detected,,No structural effect detected,,No structural effect detected,,No structural effect detected,,multimer BuildModel failed,-0.3587,,,,,,,,,,,,,,,,,,,,,,,,
zic3_mdfi,mdfi,R128Q,R,128,Q,0.02961786,0.05923571,0.0,0.06296552,monomer,,0.1826,True,ISDS-v1,Tier 4,0.0,No structural effect detected,,No structural effect detected,,No structural effect detected,,No structural effect detected,,,0.1826,,,,,,,,,,,,0.0,,,,,,,,,,,,-0.0324
shroom3_ctnnb1,ctnnb1,N287S,N,287,S,0.01993113,0.03986227,0.0,0.04151724,monomer,,0.1204,True,ISDS-v1,Tier 4,1.0,No structural effect detected,,No structural effect detected,,No structural effect detected,,No structural effect detected,,,0.1204,,,,,,,,,,0.0,,,,,,,,,,,,0.0561,,
shroom3_actin,shroom3,L147H,L,147,H,,,,,,,,False,ISDS-v1,Tier 4,0.0,Structure unevaluable,,Structure unevaluable,,Structure unevaluable,,Structure unevaluable,,,-0.0764,-0.6972,,,,,,,,,,,,0.6383,,,,,,,,,,,
shroom3_dvl2,shroom3,L147H,L,147,H,,,,,,,,False,ISDS-v1,Tier 4,0.0,Structure unevaluable,,Structure unevaluable,,Structure unevaluable,,Structure unevaluable,,,-0.0764,,,,0.0,,,,,,,,,,,,1.4585,,,,,,,,
shroom3_ctnnb1,shroom3,L147H,L,147,H,,,,,,,,False,ISDS-v1,Tier 4,0.0,Structure unevaluable,,Structure unevaluable,,Structure unevaluable,,Structure unevaluable,,,-0.0764,,,-0.5476,,,,,,,,,,,,2.774,,,,,,,,,
shroom3_rock2,shroom3,L147H,L,147,H,,,,,,,,False,ISDS-v1,Tier 4,0.0,Structure unevaluable,,Structure unevaluable,,Structure unevaluable,,Structure unevaluable,,,-0.0764,,,,,,,,,0.0,,,,,,,,,,,,0.222,,,
shroom3_cdh2_cyto,shroom3,L147H,L,147,H,,,,,,,,False,ISDS-v1,Tier 4,0.0,Structure unevaluable,,Structure unevaluable,,Structure unevaluable,,Structure unevaluable,,,-0.0764,,0.0,,,,,,,,,,,,-0.0278,,,,,,,,,,
shroom3_actin,shroom3,H161Q,H,161,Q,,,,,,,,False,ISDS-v1,Tier 4,0.0,Structure unevaluable,,Structure unevaluable,,Structure unevaluable,,Structure unevaluable,,,-0.2494,0.0,,,,,,,,,,,,-0.7493,,,,,,,,,,,
shroom3_dvl2,shroom3,H161Q,H,161,Q,,,,,,,,False,ISDS-v1,Tier 4,0.0,Structure unevaluable,,Structure unevaluable,,Structure unevaluable,,Structure unevaluable,,,-0.2494,,,,-0.0056,,,,,,,,,,,,-0.7261,,,,,,,,
shroom3_ctnnb1,shroom3,H161Q,H,161,Q,,,,,,,,False,ISDS-v1,Tier 4,0.0,Structure unevaluable,,Structure unevaluable,,Structure unevaluable,,Structure unevaluable,,,-0.2494,,,-20.0844,,,,,,,,,,,,-2.9014,,,,,,,,,
shroom3_rock2,shroom3,H161Q,H,161,Q,,,,,,,,False,ISDS-v1,Tier 4,0.0,Structure unevaluable,,Structure unevaluable,,Structure unevaluable,,Structure unevaluable,,,-0.2494,,,,,,,,,0.0,,,,,,,,,,,,-0.2057,,,
shroom3_cdh2_cyto,shroom3,H161Q,H,161,Q,,,,,,,,False,ISDS-v1,Tier 4,0.0,Structure unevaluable,,Structure unevaluable,,Structure unevaluable,,Structure unevaluable,,,-0.2494,,0.0,,,,,,,,,,,,-0.2593,,,,,,,,,,
shroom3_actin,shroom3,H207Y,H,207,Y,,,,,,,,False,ISDS-v1,Tier 4,0.0,Structure unevaluable,,Structure unevaluable,,Structure unevaluable,,Structure unevaluable,,,0.2904,-0.0002,,,,,,,,,,,,0.1828,,,,,,,,,,,
shroom3_dvl2,shroom3,H207Y,H,207,Y,,,,,,,,False,ISDS-v1,Tier 4,0.0,Structure unevaluable,,Structure unevaluable,,Structure unevaluable,,Structure unevaluable,,,0.2904,,,,0.0,,,,,,,,,,,,-0.2758,,,,,,,,
shroom3_ctnnb1,shroom3,H207Y,H,207,Y,,,,,,,,False,ISDS-v1,Tier 4,0.0,Structure unevaluable,,Structure unevaluable,,Structure unevaluable,,Structure unevaluable,,,0.2904,,,-0.3524,,,,,,,,,,,,-0.7411,,,,,,,,,
shroom3_rock2,shroom3,H207Y,H,207,Y,,,,,,,,False,ISDS-v1,Tier 4,0.0,Structure unevaluable,,Structure unevaluable,,Structure unevaluable,,Structure unevaluable,,,0.2904,,,,,,,,,0.0,,,,,,,,,,,,2.6597,,,
shroom3_cdh2_cyto,shroom3,H207Y,H,207,Y,,,,,,,,False,ISDS-v1,Tier 4,0.0,Structure unevaluable,,Structure unevaluable,,Structure unevaluable,,Structure unevaluable,,,0.2904,,0.0,,,,,,,,,,,,-0.5269,,,,,,,,,,
shroom3_actin,shroom3,G279A,G,279,A,,,,,,,,False,ISDS-v1,Tier 4,0.0,Structure unevaluable,,Structure unevaluable,,Structure unevaluable,,Structure unevaluable,,,4.277,-1.495,,,,,,,,,,,,-1.3672,,,,,,,,,,,
shroom3_dvl2,shroom3,G279A,G,279,A,,,,,,,,False,ISDS-v1,Tier 4,0.0,Structure unevaluable,,Structure unevaluable,,Structure unevaluable,,Structure unevaluable,,,4.277,,,,0.0,,,,,,,,,,,,-0.8047,,,,,,,,
shroom3_ctnnb1,shroom3,G279A,G,279,A,,,,,,,,False,ISDS-v1,Tier 4,0.0,Structure unevaluable,,Structure unevaluable,,Structure unevaluable,,Structure unevaluable,,,4.277,,,0.0618,,,,,,,,,,,,4.1516,,,,,,,,,
shroom3_rock2,shroom3,G279A,G,279,A,,,,,,,,False,ISDS-v1,Tier 4,0.0,Structure unevaluable,,Structure unevaluable,,Structure unevaluable,,Structure unevaluable,,,4.277,,,,,,,,,0.108,,,,,,,,,,,,5.0229,,,
shroom3_cdh2_cyto,shroom3,G279A,G,279,A,,,,,,,,False,ISDS-v1,Tier 4,0.0,Structure unevaluable,,Structure unevaluable,,Structure unevaluable,,Structure unevaluable,,,4.277,,0.0,,,,,,,,,,,,-0.0865,,,,,,,,,,
shroom3_actin,shroom3,S325A,S,325,A,,,,,,,,False,ISDS-v1,Tier 4,0.0,Structure unevaluable,,Structure unevaluable,,Structure unevaluable,,Structure unevaluable,,,-0.2119,0.0,,,,,,,,,,,,0.1943,,,,,,,,,,,
shroom3_dvl2,shroom3,S325A,S,325,A,,,,,,,,False,ISDS-v1,Tier 4,0.0,Structure unevaluable,,Structure unevaluable,,Structure unevaluable,,Structure unevaluable,,,-0.2119,,,,0.0,,,,,,,,,,,,-0.7049,,,,,,,,
shroom3_ctnnb1,shroom3,S325A,S,325,A,,,,,,,,False,ISDS-v1,Tier 4,0.0,Structure unevaluable,,Structure unevaluable,,Structure unevaluable,,Structure unevaluable,,,-0.2119,,,-0.056,,,,,,,,,,,,-0.3401,,,,,,,,,
shroom3_rock2,shroom3,S325A,S,325,A,,,,,,,,False,ISDS-v1,Tier 4,0.0,Structure unevaluable,,Structure unevaluable,,Structure unevaluable,,Structure unevaluable,,,-0.2119,,,,,,,,,0.0,,,,,,,,,,,,1.6118,,,
shroom3_cdh2_cyto,shroom3,S325A,S,325,A,,,,,,,,False,ISDS-v1,Tier 4,0.0,Structure unevaluable,,Structure unevaluable,,Structure unevaluable,,Structure unevaluable,,,-0.2119,,0.0,,,,,,,,,,,,0.2997,,,,,,,,,,
shroom3_actin,shroom3,R352Q,R,352,Q,,,,,,,,False,ISDS-v1,Tier 4,0.0,Structure unevaluable,,Structure unevaluable,,Structure unevaluable,,Structure unevaluable,,,-0.0881,0.0,,,,,,,,,,,,3.6462,,,,,,,,,,,
shroom3_dvl2,shroom3,R352Q,R,352,Q,,,,,,,,False,ISDS-v1,Tier 4,0.0,Structure unevaluable,,Structure unevaluable,,Structure unevaluable,,Structure unevaluable,,,-0.0881,,,,0.0,,,,,,,,,,,,-1.4913,,,,,,,,
shroom3_ctnnb1,shroom3,R352Q,R,352,Q,,,,,,,,False,ISDS-v1,Tier 4,0.0,Structure unevaluable,,Structure unevaluable,,Structure unevaluable,,Structure unevaluable,,,-0.0881,,,-14.3038,,,,,,,,,,,,0.3938,,,,,,,,,
shroom3_rock2,shroom3,R352Q,R,352,Q,,,,,,,,False,ISDS-v1,Tier 4,0.0,Structure unevaluable,,Structure unevaluable,,Structure unevaluable,,Structure unevaluable,,,-0.0881,,,,,,,,,0.0,,,,,,,,,,,,1.9207,,,
shroom3_cdh2_cyto,shroom3,R352Q,R,352,Q,,,,,,,,False,ISDS-v1,Tier 4,0.0,Structure unevaluable,,Structure unevaluable,,Structure unevaluable,,Structure unevaluable,,,-0.0881,,0.0,,,,,,,,,,,,-1.9129,,,,,,,,,,
shroom3_actin,shroom3,S367R,S,367,R,,,,,,,,False,ISDS-v1,Tier 4,0.0,Structure unevaluable,,Structure unevaluable,,Structure unevaluable,,Structure unevaluable,,,-0.3082,-4.4264,,,,,,,,,,,,1.4409,,,,,,,,,,,
shroom3_dvl2,shroom3,S367R,S,367,R,,,,,,,,False,ISDS-v1,Tier 4,0.0,Structure unevaluable,,Structure unevaluable,,Structure unevaluable,,Structure unevaluable,,,-0.3082,,,,0.0,,,,,,,,,,,,7.7426,,,,,,,,
shroom3_ctnnb1,shroom3,S367R,S,367,R,,,,,,,,False,ISDS-v1,Tier 4,0.0,Structure unevaluable,,Structure unevaluable,,Structure unevaluable,,Structure unevaluable,,,-0.3082,,,-0.0508,,,,,,,,,,,,-1.7829,,,,,,,,,
shroom3_rock2,shroom3,S367R,S,367,R,,,,,,,,False,ISDS-v1,Tier 4,0.0,Structure unevaluable,,Structure unevaluable,,Structure unevaluable,,Structure unevaluable,,,-0.3082,,,,,,,,,0.0,,,,,,,,,,,,-0.549,,,
shroom3_cdh2_cyto,shroom3,S367R,S,367,R,,,,,,,,False,ISDS-v1,Tier 4,0.0,Structure unevaluable,,Structure unevaluable,,Structure unevaluable,,Structure unevaluable,,,-0.3082,,0.0,,,,,,,,,,,,-0.598,,,,,,,,,,
shroom3_actin,shroom3,L376I,L,376,I,,,,,,,,False,ISDS-v1,Tier 4,0.0,Structure unevaluable,,Structure unevaluable,,Structure unevaluable,,Structure unevaluable,,,0.7056,-0.1028,,,,,,,,,,,,0.0872,,,,,,,,,,,
shroom3_dvl2,shroom3,L376I,L,376,I,,,,,,,,False,ISDS-v1,Tier 4,0.0,Structure unevaluable,,Structure unevaluable,,Structure unevaluable,,Structure unevaluable,,,0.7056,,,,0.0,,,,,,,,,,,,0.3333,,,,,,,,
shroom3_ctnnb1,shroom3,L376I,L,376,I,,,,,,,,False,ISDS-v1,Tier 4,0.0,Structure unevaluable,,Structure unevaluable,,Structure unevaluable,,Structure unevaluable,,,0.7056,,,0.0112,,,,,,,,,,,,2.0475,,,,,,,,,
shroom3_rock2,shroom3,L376I,L,376,I,,,,,,,,False,ISDS-v1,Tier 4,0.0,Structure unevaluable,,Structure unevaluable,,Structure unevaluable,,Structure unevaluable,,,0.7056,,,,,,,,,0.0,,,,,,,,,,,,0.5499,,,
shroom3_cdh2_cyto,shroom3,L376I,L,376,I,,,,,,,,False,ISDS-v1,Tier 4,0.0,Structure unevaluable,,Structure unevaluable,,Structure unevaluable,,Structure unevaluable,,,0.7056,,0.0,,,,,,,,,,,,0.3767,,,,,,,,,,
shroom3_actin,shroom3,T434A,T,434,A,,,,,,,,False,ISDS-v1,Tier 4,0.0,Structure unevaluable,,Structure unevaluable,,Structure unevaluable,,Structure unevaluable,,,-0.8499,-4.8642,,,,,,,,,,,,0.2192,,,,,,,,,,,
shroom3_dvl2,shroom3,T434A,T,434,A,,,,,,,,False,ISDS-v1,Tier 4,0.0,Structure unevaluable,,Structure unevaluable,,Structure unevaluable,,Structure unevaluable,,,-0.8499,,,,-0.0012,,,,,,,,,,,,-0.3446,,,,,,,,
shroom3_ctnnb1,shroom3,T434A,T,434,A,,,,,,,,False,ISDS-v1,Tier 4,0.0,Structure unevaluable,,Structure unevaluable,,Structure unevaluable,,Structure unevaluable,,,-0.8499,,,-0.001,,,,,,,,,,,,0.2729,,,,,,,,,
shroom3_rock2,shroom3,T434A,T,434,A,,,,,,,,False,ISDS-v1,Tier 4,0.0,Structure unevaluable,,Structure unevaluable,,Structure unevaluable,,Structure unevaluable,,,-0.8499,,,,,,,,,-5.554,,,,,,,,,,,,-3.4709,,,
shroom3_cdh2_cyto,shroom3,T434A,T,434,A,,,,,,,,False,ISDS-v1,Tier 4,0.0,Structure unevaluable,,Structure unevaluable,,Structure unevaluable,,Structure unevaluable,,,-0.8499,,0.0,,,,,,,,,,,,0.1355,,,,,,,,,,
shroom3_actin,shroom3,K449R,K,449,R,,,,,,,,False,ISDS-v1,Tier 4,0.0,Structure unevaluable,,Structure unevaluable,,Structure unevaluable,,Structure unevaluable,,,-0.0665,-0.027,,,,,,,,,,,,1.049,,,,,,,,,,,
shroom3_dvl2,shroom3,K449R,K,449,R,,,,,,,,False,ISDS-v1,Tier 4,0.0,Structure unevaluable,,Structure unevaluable,,Structure unevaluable,,Structure unevaluable,,,-0.0665,,,,-0.007,,,,,,,,,,,,-0.3182,,,,,,,,
shroom3_ctnnb1,shroom3,K449R,K,449,R,,,,,,,,False,ISDS-v1,Tier 4,0.0,Structure unevaluable,,Structure unevaluable,,Structure unevaluable,,Structure unevaluable,,,-0.0665,,,-0.0048,,,,,,,,,,,,-0.3103,,,,,,,,,
shroom3_rock2,shroom3,K449R,K,449,R,,,,,,,,False,ISDS-v1,Tier 4,0.0,Structure unevaluable,,Structure unevaluable,,Structure unevaluable,,Structure unevaluable,,,-0.0665,,,,,,,,,0.024,,,,,,,,,,,,-0.1229,,,
shroom3_cdh2_cyto,shroom3,K449R,K,449,R,,,,,,,,False,ISDS-v1,Tier 4,0.0,Structure unevaluable,,Structure unevaluable,,Structure unevaluable,,Structure unevaluable,,,-0.0665,,0.0,,,,,,,,,,,,-0.0522,,,,,,,,,,
shroom3_actin,shroom3,P469A,P,469,A,,,,,,,,False,ISDS-v1,Tier 4,0.0,Structure unevaluable,,Structure unevaluable,,Structure unevaluable,,Structure unevaluable,,,-0.3618,0.0,,,,,,,,,,,,1.5573,,,,,,,,,,,
shroom3_dvl2,shroom3,P469A,P,469,A,,,,,,,,False,ISDS-v1,Tier 4,0.0,Structure unevaluable,,Structure unevaluable,,Structure unevaluable,,Structure unevaluable,,,-0.3618,,,,0.0,,,,,,,,,,,,1.2233,,,,,,,,
shroom3_ctnnb1,shroom3,P469A,P,469,A,,,,,,,,False,ISDS-v1,Tier 4,0.0,Structure unevaluable,,Structure unevaluable,,Structure unevaluable,,Structure unevaluable,,,-0.3618,,,-0.3332,,,,,,,,,,,,0.5878,,,,,,,,,
shroom3_rock2,shroom3,P469A,P,469,A,,,,,,,,False,ISDS-v1,Tier 4,0.0,Structure unevaluable,,Structure unevaluable,,Structure unevaluable,,Structure unevaluable,,,-0.3618,,,,,,,,,0.0,,,,,,,,,,,,0.6829,,,
shroom3_cdh2_cyto,shroom3,P469A,P,469,A,,,,,,,,False,ISDS-v1,Tier 4,0.0,Structure unevaluable,,Structure unevaluable,,Structure unevaluable,,Structure unevaluable,,,-0.3618,,0.0,,,,,,,,,,,,0.3514,,,,,,,,,,
shroom3_actin,shroom3,E564A,E,564,A,,,,,,,,False,ISDS-v1,Tier 4,0.0,Structure unevaluable,,Structure unevaluable,,Structure unevaluable,,Structure unevaluable,,,0.8142,0.0,,,,,,,,,,,,0.0968,,,,,,,,,,,
shroom3_dvl2,shroom3,E564A,E,564,A,,,,,,,,False,ISDS-v1,Tier 4,0.0,Structure unevaluable,,Structure unevaluable,,Structure unevaluable,,Structure unevaluable,,,0.8142,,,,0.0,,,,,,,,,,,,-0.5274,,,,,,,,
shroom3_ctnnb1,shroom3,E564A,E,564,A,,,,,,,,False,ISDS-v1,Tier 4,0.0,Structure unevaluable,,Structure unevaluable,,Structure unevaluable,,Structure unevaluable,,,0.8142,,,-0.0146,,,,,,,,,,,,-0.1137,,,,,,,,,
shroom3_rock2,shroom3,E564A,E,564,A,,,,,,,,False,ISDS-v1,Tier 4,0.0,Structure unevaluable,,Structure unevaluable,,Structure unevaluable,,Structure unevaluable,,,0.8142,,,,,,,,,0.0,,,,,,,,,,,,0.7106,,,
shroom3_cdh2_cyto,shroom3,E564A,E,564,A,,,,,,,,False,ISDS-v1,Tier 4,0.0,Structure unevaluable,,Structure unevaluable,,Structure unevaluable,,Structure unevaluable,,,0.8142,,0.0,,,,,,,,,,,,1.7291,,,,,,,,,,
shroom3_actin,shroom3,S597Y,S,597,Y,,,,,,,,False,ISDS-v1,Tier 4,0.0,Structure unevaluable,,Structure unevaluable,,Structure unevaluable,,Structure unevaluable,,,-0.4089,-0.0404,,,,,,,,,,,,10.1858,,,,,,,,,,,
shroom3_dvl2,shroom3,S597Y,S,597,Y,,,,,,,,False,ISDS-v1,Tier 4,0.0,Structure unevaluable,,Structure unevaluable,,Structure unevaluable,,Structure unevaluable,,,-0.4089,,,,0.0,,,,,,,,,,,,8.6414,,,,,,,,
shroom3_ctnnb1,shroom3,S597Y,S,597,Y,,,,,,,,False,ISDS-v1,Tier 4,0.0,Structure unevaluable,,Structure unevaluable,,Structure unevaluable,,Structure unevaluable,,,-0.4089,,,0.0,,,,,,,,,,,,0.4343,,,,,,,,,
shroom3_rock2,shroom3,S597Y,S,597,Y,,,,,,,,False,ISDS-v1,Tier 4,0.0,Structure unevaluable,,Structure unevaluable,,Structure unevaluable,,Structure unevaluable,,,-0.4089,,,,,,,,,0.0,,,,,,,,,,,,-0.4581,,,
shroom3_cdh2_cyto,shroom3,S597Y,S,597,Y,,,,,,,,False,ISDS-v1,Tier 4,0.0,Structure unevaluable,,Structure unevaluable,,Structure unevaluable,,Structure unevaluable,,,-0.4089,,0.0,,,,,,,,,,,,-0.4551,,,,,,,,,,
shroom3_actin,shroom3,L647P,L,647,P,,,,,,,,False,ISDS-v1,Tier 4,0.0,Structure unevaluable,,Structure unevaluable,,Structure unevaluable,,Structure unevaluable,,,0.64,0.0,,,,,,,,,,,,0.9821,,,,,,,,,,,
shroom3_dvl2,shroom3,L647P,L,647,P,,,,,,,,False,ISDS-v1,Tier 4,0.0,Structure unevaluable,,Structure unevaluable,,Structure unevaluable,,Structure unevaluable,,,0.64,,,,0.0,,,,,,,,,,,,6.1559,,,,,,,,
shroom3_ctnnb1,shroom3,L647P,L,647,P,,,,,,,,False,ISDS-v1,Tier 4,0.0,Structure unevaluable,,Structure unevaluable,,Structure unevaluable,,Structure unevaluable,,,0.64,,,-0.259,,,,,,,,,,,,2.6408,,,,,,,,,
shroom3_rock2,shroom3,L647P,L,647,P,,,,,,,,False,ISDS-v1,Tier 4,0.0,Structure unevaluable,,Structure unevaluable,,Structure unevaluable,,Structure unevaluable,,,0.64,,,,,,,,,0.0,,,,,,,,,,,,-5.1516,,,
shroom3_cdh2_cyto,shroom3,L647P,L,647,P,,,,,,,,False,ISDS-v1,Tier 4,0.0,Structure unevaluable,,Structure unevaluable,,Structure unevaluable,,Structure unevaluable,,,0.64,,0.0,,,,,,,,,,,,-0.437,,,,,,,,,,
shroom3_actin,shroom3,K707R,K,707,R,,,,,,,,False,ISDS-v1,Tier 4,0.0,Structure unevaluable,,Structure unevaluable,,Structure unevaluable,,Structure unevaluable,,,-0.1866,-0.0834,,,,,,,,,,,,0.0814,,,,,,,,,,,
shroom3_dvl2,shroom3,K707R,K,707,R,,,,,,,,False,ISDS-v1,Tier 4,0.0,Structure unevaluable,,Structure unevaluable,,Structure unevaluable,,Structure unevaluable,,,-0.1866,,,,0.0,,,,,,,,,,,,-0.339,,,,,,,,
shroom3_ctnnb1,shroom3,K707R,K,707,R,,,,,,,,False,ISDS-v1,Tier 4,0.0,Structure unevaluable,,Structure unevaluable,,Structure unevaluable,,Structure unevaluable,,,-0.1866,,,-0.0924,,,,,,,,,,,,-1.1207,,,,,,,,,
shroom3_rock2,shroom3,K707R,K,707,R,,,,,,,,False,ISDS-v1,Tier 4,0.0,Structure unevaluable,,Structure unevaluable,,Structure unevaluable,,Structure unevaluable,,,-0.1866,,,,,,,,,0.0,,,,,,,,,,,,-0.2112,,,
shroom3_cdh2_cyto,shroom3,K707R,K,707,R,,,,,,,,False,ISDS-v1,Tier 4,0.0,Structure unevaluable,,Structure unevaluable,,Structure unevaluable,,Structure unevaluable,,,-0.1866,,0.0,,,,,,,,,,,,-0.2274,,,,,,,,,,
shroom3_actin,shroom3,R718Q,R,718,Q,,,,,,,,False,ISDS-v1,Tier 4,0.0,Structure unevaluable,,Structure unevaluable,,Structure unevaluable,,Structure unevaluable,,,0.1097,-2.5504,,,,,,,,,,,,2.9943,,,,,,,,,,,
shroom3_dvl2,shroom3,R718Q,R,718,Q,,,,,,,,False,ISDS-v1,Tier 4,0.0,Structure unevaluable,,Structure unevaluable,,Structure unevaluable,,Structure unevaluable,,,0.1097,,,,0.0,,,,,,,,,,,,1.4414,,,,,,,,
shroom3_ctnnb1,shroom3,R718Q,R,718,Q,,,,,,,,False,ISDS-v1,Tier 4,0.0,Structure unevaluable,,Structure unevaluable,,Structure unevaluable,,Structure unevaluable,,,0.1097,,,-0.1444,,,,,,,,,,,,0.1839,,,,,,,,,
shroom3_rock2,shroom3,R718Q,R,718,Q,,,,,,,,False,ISDS-v1,Tier 4,0.0,Structure unevaluable,,Structure unevaluable,,Structure unevaluable,,Structure unevaluable,,,0.1097,,,,,,,,,0.0,,,,,,,,,,,,0.3437,,,
shroom3_cdh2_cyto,shroom3,R718Q,R,718,Q,,,,,,,,False,ISDS-v1,Tier 4,0.0,Structure unevaluable,,Structure unevaluable,,Structure unevaluable,,Structure unevaluable,,,0.1097,,0.0,,,,,,,,,,,,0.0243,,,,,,,,,,
shroom3_actin,shroom3,Q793P,Q,793,P,,,,,,,,False,ISDS-v1,Tier 4,0.8,Structure unevaluable,,Structure unevaluable,,Structure unevaluable,,Structure unevaluable,,,2.2022,0.091,,,,,,,,,,,,0.8191,,,,,,,,,,,
shroom3_dvl2,shroom3,Q793P,Q,793,P,,,,,,,,False,ISDS-v1,Tier 4,0.8,Structure unevaluable,,Structure unevaluable,,Structure unevaluable,,Structure unevaluable,,,2.2022,,,,0.0714,,,,,,,,,,,,2.4008,,,,,,,,
shroom3_ctnnb1,shroom3,Q793P,Q,793,P,,,,,,,,False,ISDS-v1,Tier 4,0.8,Structure unevaluable,,Structure unevaluable,,Structure unevaluable,,Structure unevaluable,,,2.2022,,,-12.0466,,,,,,,,,,,,2.278,,,,,,,,,
shroom3_rock2,shroom3,Q793P,Q,793,P,,,,,,,,False,ISDS-v1,Tier 4,0.8,Structure unevaluable,,Structure unevaluable,,Structure unevaluable,,Structure unevaluable,,,2.2022,,,,,,,,,0.0,,,,,,,,,,,,1.0038,,,
shroom3_cdh2_cyto,shroom3,Q793P,Q,793,P,,,,,,,,False,ISDS-v1,Tier 4,0.8,Structure unevaluable,,Structure unevaluable,,Structure unevaluable,,Structure unevaluable,,,2.2022,,-1.9299,,,,,,,,,,,,4.1285,,,,,,,,,,
shroom3_actin,shroom3,G869R,G,869,R,,,,,,,,False,ISDS-v1,Tier 4,0.0,Structure unevaluable,,Structure unevaluable,,Structure unevaluable,,Structure unevaluable,,,3.2996,-3.715,,,,,,,,,,,,1.6977,,,,,,,,,,,
shroom3_dvl2,shroom3,G869R,G,869,R,,,,,,,,False,ISDS-v1,Tier 4,0.0,Structure unevaluable,,Structure unevaluable,,Structure unevaluable,,Structure unevaluable,,,3.2996,,,,0.0,,,,,,,,,,,,-0.5929,,,,,,,,
shroom3_ctnnb1,shroom3,G869R,G,869,R,,,,,,,,False,ISDS-v1,Tier 4,0.0,Structure unevaluable,,Structure unevaluable,,Structure unevaluable,,Structure unevaluable,,,3.2996,,,-0.0006,,,,,,,,,,,,-1.1942,,,,,,,,,
shroom3_rock2,shroom3,G869R,G,869,R,,,,,,,,False,ISDS-v1,Tier 4,0.0,Structure unevaluable,,Structure unevaluable,,Structure unevaluable,,Structure unevaluable,,,3.2996,,,,,,,,,0.0,,,,,,,,,,,,0.9401,,,
shroom3_cdh2_cyto,shroom3,G869R,G,869,R,,,,,,,,False,ISDS-v1,Tier 4,0.0,Structure unevaluable,,Structure unevaluable,,Structure unevaluable,,Structure unevaluable,,,3.2996,,0.0,,,,,,,,,,,,0.4099,,,,,,,,,,
shroom3_actin,shroom3,D945V,D,945,V,,,,,,,,False,ISDS-v1,Tier 4,0.0,Structure unevaluable,,Structure unevaluable,,Structure unevaluable,,Structure unevaluable,,,0.6028,-3.8304,,,,,,,,,,,,-1.0223,,,,,,,,,,,
shroom3_dvl2,shroom3,D945V,D,945,V,,,,,,,,False,ISDS-v1,Tier 4,0.0,Structure unevaluable,,Structure unevaluable,,Structure unevaluable,,Structure unevaluable,,,0.6028,,,,-29.1296,,,,,,,,,,,,-0.1853,,,,,,,,
shroom3_ctnnb1,shroom3,D945V,D,945,V,,,,,,,,False,ISDS-v1,Tier 4,0.0,Structure unevaluable,,Structure unevaluable,,Structure unevaluable,,Structure unevaluable,,,0.6028,,,-0.4192,,,,,,,,,,,,0.3499,,,,,,,,,
shroom3_rock2,shroom3,D945V,D,945,V,,,,,,,,False,ISDS-v1,Tier 4,0.0,Structure unevaluable,,Structure unevaluable,,Structure unevaluable,,Structure unevaluable,,,0.6028,,,,,,,,,0.0,,,,,,,,,,,,0.6884,,,
shroom3_cdh2_cyto,shroom3,D945V,D,945,V,,,,,,,,False,ISDS-v1,Tier 4,0.0,Structure unevaluable,,Structure unevaluable,,Structure unevaluable,,Structure unevaluable,,,0.6028,,0.0,,,,,,,,,,,,0.1915,,,,,,,,,,
shroom3_actin,shroom3,R1008H,R,1008,H,,,,,,,,False,ISDS-v1,Tier 4,0.0,Structure unevaluable,,Structure unevaluable,,Structure unevaluable,,Structure unevaluable,,,-0.0507,-8.1424,,,,,,,,,,,,3.8521,,,,,,,,,,,
shroom3_dvl2,shroom3,R1008H,R,1008,H,,,,,,,,False,ISDS-v1,Tier 4,0.0,Structure unevaluable,,Structure unevaluable,,Structure unevaluable,,Structure unevaluable,,,-0.0507,,,,0.0,,,,,,,,,,,,0.4333,,,,,,,,
shroom3_ctnnb1,shroom3,R1008H,R,1008,H,,,,,,,,False,ISDS-v1,Tier 4,0.0,Structure unevaluable,,Structure unevaluable,,Structure unevaluable,,Structure unevaluable,,,-0.0507,,,-3.1432,,,,,,,,,,,,-0.1803,,,,,,,,,
shroom3_rock2,shroom3,R1008H,R,1008,H,,,,,,,,False,ISDS-v1,Tier 4,0.0,Structure unevaluable,,Structure unevaluable,,Structure unevaluable,,Structure unevaluable,,,-0.0507,,,,,,,,,-25.95,,,,,,,,,,,,2.6056,,,
shroom3_cdh2_cyto,shroom3,R1008H,R,1008,H,,,,,,,,False,ISDS-v1,Tier 4,0.0,Structure unevaluable,,Structure unevaluable,,Structure unevaluable,,Structure unevaluable,,,-0.0507,,-5.1207,,,,,,,,,,,,0.749,,,,,,,,,,
shroom3_actin,shroom3,V1054L,V,1054,L,,,,,,,,False,ISDS-v1,Tier 4,0.4,Structure unevaluable,,Structure unevaluable,,Structure unevaluable,,Structure unevaluable,,,-0.3119,-0.4544,,,,,,,,,,,,0.2256,,,,,,,,,,,
shroom3_dvl2,shroom3,V1054L,V,1054,L,,,,,,,,False,ISDS-v1,Tier 4,0.4,Structure unevaluable,,Structure unevaluable,,Structure unevaluable,,Structure unevaluable,,,-0.3119,,,,-2.9792,,,,,,,,,,,,-1.7554,,,,,,,,
shroom3_ctnnb1,shroom3,V1054L,V,1054,L,,,,,,,,False,ISDS-v1,Tier 4,0.4,Structure unevaluable,,Structure unevaluable,,Structure unevaluable,,Structure unevaluable,,,-0.3119,,,0.0056,,,,,,,,,,,,-1.6336,,,,,,,,,
shroom3_rock2,shroom3,V1054L,V,1054,L,,,,,,,,False,ISDS-v1,Tier 4,0.4,Structure unevaluable,,Structure unevaluable,,Structure unevaluable,,Structure unevaluable,,,-0.3119,,,,,,,,,-3.666,,,,,,,,,,,,-0.5537,,,
shroom3_cdh2_cyto,shroom3,V1054L,V,1054,L,,,,,,,,False,ISDS-v1,Tier 4,0.4,Structure unevaluable,,Structure unevaluable,,Structure unevaluable,,Structure unevaluable,,,-0.3119,,-7.1649,,,,,,,,,,,,-0.5658,,,,,,,,,,
shroom3_actin,shroom3,R1250C,R,1250,C,,,,,,,,False,ISDS-v1,Tier 4,0.0,Structure unevaluable,,Structure unevaluable,,Structure unevaluable,,Structure unevaluable,,,0.6288,0.1442,,,,,,,,,,,,-0.9688,,,,,,,,,,,
shroom3_dvl2,shroom3,R1250C,R,1250,C,,,,,,,,False,ISDS-v1,Tier 4,0.0,Structure unevaluable,,Structure unevaluable,,Structure unevaluable,,Structure unevaluable,,,0.6288,,,,0.0,,,,,,,,,,,,-0.5068,,,,,,,,
shroom3_ctnnb1,shroom3,R1250C,R,1250,C,,,,,,,,False,ISDS-v1,Tier 4,0.0,Structure unevaluable,,Structure unevaluable,,Structure unevaluable,,Structure unevaluable,,,0.6288,,,0.0,,,,,,,,,,,,1.3496,,,,,,,,,
shroom3_rock2,shroom3,R1250C,R,1250,C,,,,,,,,False,ISDS-v1,Tier 4,0.0,Structure unevaluable,,Structure unevaluable,,Structure unevaluable,,Structure unevaluable,,,0.6288,,,,,,,,,0.0,,,,,,,,,,,,0.5235,,,
shroom3_cdh2_cyto,shroom3,R1250C,R,1250,C,,,,,,,,False,ISDS-v1,Tier 4,0.0,Structure unevaluable,,Structure unevaluable,,Structure unevaluable,,Structure unevaluable,,,0.6288,,0.0,,,,,,,,,,,,0.5349,,,,,,,,,,
shroom3_actin,shroom3,P1290L,P,1290,L,,,,,,,,False,ISDS-v1,Tier 4,0.0,Structure unevaluable,,Structure unevaluable,,Structure unevaluable,,Structure unevaluable,,,-0.7852,0.0,,,,,,,,,,,,0.5026,,,,,,,,,,,
shroom3_dvl2,shroom3,P1290L,P,1290,L,,,,,,,,False,ISDS-v1,Tier 4,0.0,Structure unevaluable,,Structure unevaluable,,Structure unevaluable,,Structure unevaluable,,,-0.7852,,,,0.0,,,,,,,,,,,,1.067,,,,,,,,
shroom3_ctnnb1,shroom3,P1290L,P,1290,L,,,,,,,,False,ISDS-v1,Tier 4,0.0,Structure unevaluable,,Structure unevaluable,,Structure unevaluable,,Structure unevaluable,,,-0.7852,,,0.0,,,,,,,,,,,,-0.411,,,,,,,,,
shroom3_rock2,shroom3,P1290L,P,1290,L,,,,,,,,False,ISDS-v1,Tier 4,0.0,Structure unevaluable,,Structure unevaluable,,Structure unevaluable,,Structure unevaluable,,,-0.7852,,,,,,,,,0.0,,,,,,,,,,,,-12.9752,,,
shroom3_cdh2_cyto,shroom3,P1290L,P,1290,L,,,,,,,,False,ISDS-v1,Tier 4,0.0,Structure unevaluable,,Structure unevaluable,,Structure unevaluable,,Structure unevaluable,,,-0.7852,,0.0,,,,,,,,,,,,-2.1428,,,,,,,,,,
shroom3_actin,shroom3,R1430Q,R,1430,Q,,,,,,,,False,ISDS-v1,Tier 4,0.0,Structure unevaluable,,Structure unevaluable,,Structure unevaluable,,Structure unevaluable,,,0.5438,0.002,,,,,,,,,,,,-2.3368,,,,,,,,,,,
shroom3_dvl2,shroom3,R1430Q,R,1430,Q,,,,,,,,False,ISDS-v1,Tier 4,0.0,Structure unevaluable,,Structure unevaluable,,Structure unevaluable,,Structure unevaluable,,,0.5438,,,,0.0,,,,,,,,,,,,-0.2835,,,,,,,,
shroom3_ctnnb1,shroom3,R1430Q,R,1430,Q,,,,,,,,False,ISDS-v1,Tier 4,0.0,Structure unevaluable,,Structure unevaluable,,Structure unevaluable,,Structure unevaluable,,,0.5438,,,0.0,,,,,,,,,,,,0.0387,,,,,,,,,
shroom3_rock2,shroom3,R1430Q,R,1430,Q,,,,,,,,False,ISDS-v1,Tier 4,0.0,Structure unevaluable,,Structure unevaluable,,Structure unevaluable,,Structure unevaluable,,,0.5438,,,,,,,,,0.0,,,,,,,,,,,,-0.4911,,,
shroom3_cdh2_cyto,shroom3,R1430Q,R,1430,Q,,,,,,,,False,ISDS-v1,Tier 4,0.0,Structure unevaluable,,Structure unevaluable,,Structure unevaluable,,Structure unevaluable,,,0.5438,,0.0,,,,,,,,,,,,-0.2942,,,,,,,,,,
shroom3_actin,shroom3,P1464S,P,1464,S,,,,,,,,False,ISDS-v1,Tier 4,0.0,Structure unevaluable,,Structure unevaluable,,Structure unevaluable,,Structure unevaluable,,,-1.1831,0.0,,,,,,,,,,,,1.3378,,,,,,,,,,,
shroom3_dvl2,shroom3,P1464S,P,1464,S,,,,,,,,False,ISDS-v1,Tier 4,0.0,Structure unevaluable,,Structure unevaluable,,Structure unevaluable,,Structure unevaluable,,,-1.1831,,,,0.0,,,,,,,,,,,,1.4978,,,,,,,,
shroom3_ctnnb1,shroom3,P1464S,P,1464,S,,,,,,,,False,ISDS-v1,Tier 4,0.0,Structure unevaluable,,Structure unevaluable,,Structure unevaluable,,Structure unevaluable,,,-1.1831,,,0.0,,,,,,,,,,,,2.1219,,,,,,,,,
shroom3_rock2,shroom3,P1464S,P,1464,S,,,,,,,,False,ISDS-v1,Tier 4,0.0,Structure unevaluable,,Structure unevaluable,,Structure unevaluable,,Structure unevaluable,,,-1.1831,,,,,,,,,0.0,,,,,,,,,,,,0.8012,,,
shroom3_cdh2_cyto,shroom3,P1464S,P,1464,S,,,,,,,,False,ISDS-v1,Tier 4,0.0,Structure unevaluable,,Structure unevaluable,,Structure unevaluable,,Structure unevaluable,,,-1.1831,,0.0,,,,,,,,,,,,0.9761,,,,,,,,,,
shroom3_actin,shroom3,T1481P,T,1481,P,,,,,,,,False,ISDS-v1,Tier 4,0.0,Structure unevaluable,,Structure unevaluable,,Structure unevaluable,,Structure unevaluable,,,-0.9694,-0.008,,,,,,,,,,,,0.4352,,,,,,,,,,,
shroom3_dvl2,shroom3,T1481P,T,1481,P,,,,,,,,False,ISDS-v1,Tier 4,0.0,Structure unevaluable,,Structure unevaluable,,Structure unevaluable,,Structure unevaluable,,,-0.9694,,,,-0.0004,,,,,,,,,,,,5.1815,,,,,,,,
shroom3_ctnnb1,shroom3,T1481P,T,1481,P,,,,,,,,False,ISDS-v1,Tier 4,0.0,Structure unevaluable,,Structure unevaluable,,Structure unevaluable,,Structure unevaluable,,,-0.9694,,,0.0,,,,,,,,,,,,-4.1385,,,,,,,,,
shroom3_rock2,shroom3,T1481P,T,1481,P,,,,,,,,False,ISDS-v1,Tier 4,0.0,Structure unevaluable,,Structure unevaluable,,Structure unevaluable,,Structure unevaluable,,,-0.9694,,,,,,,,,0.0,,,,,,,,,,,,-0.6344,,,
shroom3_cdh2_cyto,shroom3,T1481P,T,1481,P,,,,,,,,False,ISDS-v1,Tier 4,0.0,Structure unevaluable,,Structure unevaluable,,Structure unevaluable,,Structure unevaluable,,,-0.9694,,0.0,,,,,,,,,,,,0.0854,,,,,,,,,,
shroom3_actin,shroom3,E1507K,E,1507,K,,,,,,,,False,ISDS-v1,Tier 4,0.0,Structure unevaluable,,Structure unevaluable,,Structure unevaluable,,Structure unevaluable,,,0.1887,0.004,,,,,,,,,,,,-1.4059,,,,,,,,,,,
shroom3_dvl2,shroom3,E1507K,E,1507,K,,,,,,,,False,ISDS-v1,Tier 4,0.0,Structure unevaluable,,Structure unevaluable,,Structure unevaluable,,Structure unevaluable,,multimer BuildModel failed,0.1887,,,,,,,,,,,,,,,,,,,,,,,,
shroom3_ctnnb1,shroom3,E1507K,E,1507,K,,,,,,,,False,ISDS-v1,Tier 4,0.0,Structure unevaluable,,Structure unevaluable,,Structure unevaluable,,Structure unevaluable,,,0.1887,,,0.0038,,,,,,,,,,,,1.9258,,,,,,,,,
shroom3_rock2,shroom3,E1507K,E,1507,K,,,,,,,,False,ISDS-v1,Tier 4,0.0,Structure unevaluable,,Structure unevaluable,,Structure unevaluable,,Structure unevaluable,,,0.1887,,,,,,,,,-0.058,,,,,,,,,,,,-0.484,,,
shroom3_cdh2_cyto,shroom3,E1507K,E,1507,K,,,,,,,,False,ISDS-v1,Tier 4,0.0,Structure unevaluable,,Structure unevaluable,,Structure unevaluable,,Structure unevaluable,,,0.1887,,-0.1003,,,,,,,,,,,,-0.2493,,,,,,,,,,
shroom3_actin,shroom3,A1557V,A,1557,V,,,,,,,,False,ISDS-v1,Tier 4,0.0,Structure unevaluable,,Structure unevaluable,,Structure unevaluable,,Structure unevaluable,,,1.52,0.0,,,,,,,,,,,,0.7198,,,,,,,,,,,
shroom3_dvl2,shroom3,A1557V,A,1557,V,,,,,,,,False,ISDS-v1,Tier 4,0.0,Structure unevaluable,,Structure unevaluable,,Structure unevaluable,,Structure unevaluable,,,1.52,,,,-0.1568,,,,,,,,,,,,1.2421,,,,,,,,
shroom3_ctnnb1,shroom3,A1557V,A,1557,V,,,,,,,,False,ISDS-v1,Tier 4,0.0,Structure unevaluable,,Structure unevaluable,,Structure unevaluable,,Structure unevaluable,,,1.52,,,0.0,,,,,,,,,,,,0.5027,,,,,,,,,
shroom3_rock2,shroom3,A1557V,A,1557,V,,,,,,,,False,ISDS-v1,Tier 4,0.0,Structure unevaluable,,Structure unevaluable,,Structure unevaluable,,Structure unevaluable,,,1.52,,,,,,,,,0.0,,,,,,,,,,,,0.4112,,,
shroom3_cdh2_cyto,shroom3,A1557V,A,1557,V,,,,,,,,False,ISDS-v1,Tier 4,0.0,Structure unevaluable,,Structure unevaluable,,Structure unevaluable,,Structure unevaluable,,,1.52,,0.0,,,,,,,,,,,,0.2817,,,,,,,,,,
shroom3_actin,shroom3,Q1558P,Q,1558,P,,,,,,,,False,ISDS-v1,Tier 4,0.0,Structure unevaluable,,Structure unevaluable,,Structure unevaluable,,Structure unevaluable,,,1.5598,0.0,,,,,,,,,,,,2.6655,,,,,,,,,,,
shroom3_dvl2,shroom3,Q1558P,Q,1558,P,,,,,,,,False,ISDS-v1,Tier 4,0.0,Structure unevaluable,,Structure unevaluable,,Structure unevaluable,,Structure unevaluable,,,1.5598,,,,-3.4856,,,,,,,,,,,,3.0336,,,,,,,,
shroom3_ctnnb1,shroom3,Q1558P,Q,1558,P,,,,,,,,False,ISDS-v1,Tier 4,0.0,Structure unevaluable,,Structure unevaluable,,Structure unevaluable,,Structure unevaluable,,,1.5598,,,0.0,,,,,,,,,,,,2.1452,,,,,,,,,
shroom3_rock2,shroom3,Q1558P,Q,1558,P,,,,,,,,False,ISDS-v1,Tier 4,0.0,Structure unevaluable,,Structure unevaluable,,Structure unevaluable,,Structure unevaluable,,,1.5598,,,,,,,,,0.0,,,,,,,,,,,,0.2481,,,
shroom3_cdh2_cyto,shroom3,Q1558P,Q,1558,P,,,,,,,,False,ISDS-v1,Tier 4,0.0,Structure unevaluable,,Structure unevaluable,,Structure unevaluable,,Structure unevaluable,,,1.5598,,0.0,,,,,,,,,,,,2.8828,,,,,,,,,,
shroom3_actin,shroom3,M1585K,M,1585,K,,,,,,,,False,ISDS-v1,Tier 4,0.0,Structure unevaluable,,Structure unevaluable,,Structure unevaluable,,Structure unevaluable,,,0.1167,0.0,,,,,,,,,,,,2.1138,,,,,,,,,,,
shroom3_dvl2,shroom3,M1585K,M,1585,K,,,,,,,,False,ISDS-v1,Tier 4,0.0,Structure unevaluable,,Structure unevaluable,,Structure unevaluable,,Structure unevaluable,,,0.1167,,,,-0.0002,,,,,,,,,,,,1.4882,,,,,,,,
shroom3_ctnnb1,shroom3,M1585K,M,1585,K,,,,,,,,False,ISDS-v1,Tier 4,0.0,Structure unevaluable,,Structure unevaluable,,Structure unevaluable,,Structure unevaluable,,,0.1167,,,0.0,,,,,,,,,,,,1.3197,,,,,,,,,
shroom3_rock2,shroom3,M1585K,M,1585,K,,,,,,,,False,ISDS-v1,Tier 4,0.0,Structure unevaluable,,Structure unevaluable,,Structure unevaluable,,Structure unevaluable,,,0.1167,,,,,,,,,0.0,,,,,,,,,,,,0.1441,,,
shroom3_cdh2_cyto,shroom3,M1585K,M,1585,K,,,,,,,,False,ISDS-v1,Tier 4,0.0,Structure unevaluable,,Structure unevaluable,,Structure unevaluable,,Structure unevaluable,,,0.1167,,0.0,,,,,,,,,,,,-0.1955,,,,,,,,,,
shroom3_actin,shroom3,V1620I,V,1620,I,,,,,,,,False,ISDS-v1,Tier 4,0.0,Structure unevaluable,,Structure unevaluable,,Structure unevaluable,,Structure unevaluable,,,0.5963,0.0,,,,,,,,,,,,-0.4611,,,,,,,,,,,
shroom3_dvl2,shroom3,V1620I,V,1620,I,,,,,,,,False,ISDS-v1,Tier 4,0.0,Structure unevaluable,,Structure unevaluable,,Structure unevaluable,,Structure unevaluable,,,0.5963,,,,-9.2258,,,,,,,,,,,,-0.5492,,,,,,,,
shroom3_ctnnb1,shroom3,V1620I,V,1620,I,,,,,,,,False,ISDS-v1,Tier 4,0.0,Structure unevaluable,,Structure unevaluable,,Structure unevaluable,,Structure unevaluable,,,0.5963,,,0.0,,,,,,,,,,,,0.0768,,,,,,,,,
shroom3_rock2,shroom3,V1620I,V,1620,I,,,,,,,,False,ISDS-v1,Tier 4,0.0,Structure unevaluable,,Structure unevaluable,,Structure unevaluable,,Structure unevaluable,,,0.5963,,,,,,,,,0.0,,,,,,,,,,,,-0.2404,,,
shroom3_cdh2_cyto,shroom3,V1620I,V,1620,I,,,,,,,,False,ISDS-v1,Tier 4,0.0,Structure unevaluable,,Structure unevaluable,,Structure unevaluable,,Structure unevaluable,,,0.5963,,0.0,,,,,,,,,,,,-0.0062,,,,,,,,,,
shroom3_actin,shroom3,Q1623K,Q,1623,K,,,,,,,,False,ISDS-v1,Tier 4,0.0,Structure unevaluable,,Structure unevaluable,,Structure unevaluable,,Structure unevaluable,,,0.1894,0.0,,,,,,,,,,,,-0.5145,,,,,,,,,,,
shroom3_dvl2,shroom3,Q1623K,Q,1623,K,,,,,,,,False,ISDS-v1,Tier 4,0.0,Structure unevaluable,,Structure unevaluable,,Structure unevaluable,,Structure unevaluable,,,0.1894,,,,-5.6828,,,,,,,,,,,,1.098,,,,,,,,
shroom3_ctnnb1,shroom3,Q1623K,Q,1623,K,,,,,,,,False,ISDS-v1,Tier 4,0.0,Structure unevaluable,,Structure unevaluable,,Structure unevaluable,,Structure unevaluable,,,0.1894,,,0.0,,,,,,,,,,,,0.448,,,,,,,,,
shroom3_rock2,shroom3,Q1623K,Q,1623,K,,,,,,,,False,ISDS-v1,Tier 4,0.0,Structure unevaluable,,Structure unevaluable,,Structure unevaluable,,Structure unevaluable,,,0.1894,,,,,,,,,0.0,,,,,,,,,,,,-0.1519,,,
shroom3_cdh2_cyto,shroom3,Q1623K,Q,1623,K,,,,,,,,False,ISDS-v1,Tier 4,0.0,Structure unevaluable,,Structure unevaluable,,Structure unevaluable,,Structure unevaluable,,,0.1894,,0.0,,,,,,,,,,,,-0.1135,,,,,,,,,,
shroom3_actin,shroom3,P1971L,P,1971,L,,,,,,,,False,ISDS-v1,Tier 4,0.4,Structure unevaluable,,Structure unevaluable,,Structure unevaluable,,Structure unevaluable,,,0.7464,0.024,,,,,,,,,,,,2.9007,,,,,,,,,,,
shroom3_dvl2,shroom3,P1971L,P,1971,L,,,,,,,,False,ISDS-v1,Tier 4,0.4,Structure unevaluable,,Structure unevaluable,,Structure unevaluable,,Structure unevaluable,,,0.7464,,,,0.0,,,,,,,,,,,,1.0626,,,,,,,,
shroom3_ctnnb1,shroom3,P1971L,P,1971,L,,,,,,,,False,ISDS-v1,Tier 4,0.4,Structure unevaluable,,Structure unevaluable,,Structure unevaluable,,Structure unevaluable,,,0.7464,,,0.0052,,,,,,,,,,,,-1.2686,,,,,,,,,
shroom3_cdh2_cyto,shroom3,P1971L,P,1971,L,,,,,,,,False,ISDS-v1,Tier 4,0.4,Structure unevaluable,,Structure unevaluable,,Structure unevaluable,,Structure unevaluable,,,0.7464,,0.0028,,,,,,,,,,,,1.7009,,,,,,,,,,
shroom3_actin,shroom3,N1972D,N,1972,D,,,,,,,,False,ISDS-v1,Tier 4,0.0,Structure unevaluable,,Structure unevaluable,,Structure unevaluable,,Structure unevaluable,,,0.1426,-0.0962,,,,,,,,,,,,0.4278,,,,,,,,,,,
shroom3_dvl2,shroom3,N1972D,N,1972,D,,,,,,,,False,ISDS-v1,Tier 4,0.0,Structure unevaluable,,Structure unevaluable,,Structure unevaluable,,Structure unevaluable,,,0.1426,,,,0.0,,,,,,,,,,,,1.8284,,,,,,,,
shroom3_ctnnb1,shroom3,N1972D,N,1972,D,,,,,,,,False,ISDS-v1,Tier 4,0.0,Structure unevaluable,,Structure unevaluable,,Structure unevaluable,,Structure unevaluable,,,0.1426,,,0.022,,,,,,,,,,,,1.3717,,,,,,,,,
shroom3_cdh2_cyto,shroom3,N1972D,N,1972,D,,,,,,,,False,ISDS-v1,Tier 4,0.0,Structure unevaluable,,Structure unevaluable,,Structure unevaluable,,Structure unevaluable,,,0.1426,,0.0499,,,,,,,,,,,,0.0726,,,,,,,,,,
shroom3_rock2,rock2,T431N,T,431,N,,,,,,,,False,ISDS-v1,Tier 4,0.0,Structure unevaluable,,Structure unevaluable,,Structure unevaluable,,Structure unevaluable,,,-1.202,,,,,,,,,,-0.052,,,,,,,,,,,,-0.2535,,
shroom3_rock2,rock2,N439D,N,439,D,,,,,,,,False,ISDS-v1,Tier 4,0.0,Structure unevaluable,,Structure unevaluable,,Structure unevaluable,,Structure unevaluable,,,0.6007,,,,,,,,,,-21.118,,,,,,,,,,,,-0.0718,,
shroom3_rock2,rock2,R1044Q,R,1044,Q,,,,,,,,False,ISDS-v1,Tier 4,0.0,Structure unevaluable,,Structure unevaluable,,Structure unevaluable,,Structure unevaluable,,,0.4044,,,,,,,,,,-5.736,,,,,,,,,,,,1.5487,,
shroom3_cdh2_cyto,cdh2,A21T,A,21,T,,,,,,,,False,ISDS-v1,Tier 4,0.4,Structure unevaluable,,Structure unevaluable,,Structure unevaluable,,Structure unevaluable,,multimer BuildModel failed,0.4067,,,,,,,,,,,,,,,,,,,,,,,,
shroom3_cdh2_cyto,cdh2,E24Q,E,24,Q,,,,,,,,False,ISDS-v1,Tier 4,0.0,Structure unevaluable,,Structure unevaluable,,Structure unevaluable,,Structure unevaluable,,multimer BuildModel failed,-0.5531,,,,,,,,,,,,,,,,,,,,,,,,
shroom3_cdh2_cyto,cdh2,G717A,G,717,A,,,,,,,,False,ISDS-v1,Tier 4,0.0,Structure unevaluable,,Structure unevaluable,,Structure unevaluable,,Structure unevaluable,,multimer BuildModel failed,-0.2998,,,,,,,,,,,,,,,,,,,,,,,,
shroom3_cdh2_cyto,cdh2,R823Q,R,823,Q,,,,,,,,False,ISDS-v1,Tier 4,0.0,Structure unevaluable,,Structure unevaluable,,Structure unevaluable,,Structure unevaluable,,,0.5854,,,,,,,,,,-5.897,,,,,,,,,,,,0.5001,,
shroom3_dvl2,dvl2,H177R,H,177,R,,,,,,,,False,ISDS-v1,Tier 4,0.0,Structure unevaluable,,Structure unevaluable,,Structure unevaluable,,Structure unevaluable,,,-0.0989,,,,,,,,,,-0.021,,,,,,,,,,,,1.7933,,
shroom3_dvl2,dvl2,R367G,R,367,G,,,,,,,,False,ISDS-v1,Tier 4,0.0,Structure unevaluable,,Structure unevaluable,,Structure unevaluable,,Structure unevaluable,,,0.4622,,,,,,,,,,-8.1114,,,,,,,,,,,,-8.0452,,
shroom3_dvl2,dvl2,R367Q,R,367,Q,,,,,,,,False,ISDS-v1,Tier 4,0.0,Structure unevaluable,,Structure unevaluable,,Structure unevaluable,,Structure unevaluable,,,0.4489,,,,,,,,,,-9.9972,,,,,,,,,,,,-6.7301,,
shroom3_dvl2,dvl2,M399V,M,399,V,,,,,,,,False,ISDS-v1,Tier 4,0.0,Structure unevaluable,,Structure unevaluable,,Structure unevaluable,,Structure unevaluable,,,0.1357,,,,,,,,,,0.0,,,,,,,,,,,,2.8333,,
shroom3_dvl2,dvl2,T535I,T,535,I,,,,,,,,False,ISDS-v1,Tier 4,0.0,Structure unevaluable,,Structure unevaluable,,Structure unevaluable,,Structure unevaluable,,,0.6844,,,,,,,,,,0.0,,,,,,,,,,,,-0.4919,,
shroom3_dvl2,dvl2,R590Q,R,590,Q,,,,,,,,False,ISDS-v1,Tier 4,0.0,Structure unevaluable,,Structure unevaluable,,Structure unevaluable,,Structure unevaluable,,,2.2689,,,,,,,,,,0.0,,,,,,,,,,,,-0.9876,,
shroom3_dvl2,dvl2,P670H,P,670,H,,,,,,,,False,ISDS-v1,Tier 4,0.4,Structure unevaluable,,Structure unevaluable,,Structure unevaluable,,Structure unevaluable,,,0.621,,,,,,,,,,0.0,,,,,,,,,,,,-1.3167,,
shroom3_dvl2,dvl2,P679S,P,679,S,,,,,,,,False,ISDS-v1,Tier 4,0.4,Structure unevaluable,,Structure unevaluable,,Structure unevaluable,,Structure unevaluable,,,0.8606,,,,,,,,,,0.0,,,,,,,,,,,,1.1948,,
shroom3_dvl2,dvl2,D706E,D,706,E,,,,,,,,False,ISDS-v1,Tier 4,0.0,Structure unevaluable,,Structure unevaluable,,Structure unevaluable,,Structure unevaluable,,,0.7009,,,,,,,,,,0.1696,,,,,,,,,,,,-0.2501,,
shroom3_dvl2,dvl2,R718H,R,718,H,,,,,,,,False,ISDS-v1,Tier 4,0.4,Structure unevaluable,,Structure unevaluable,,Structure unevaluable,,Structure unevaluable,,,0.8354,,,,,,,,,,-1.785,,,,,,,,,,,,0.7564,,
zic3_gli3,zic3,G7R,G,7,R,,,,,,,,False,ISDS-v1,Tier 4,0.0,Structure unevaluable,,Structure unevaluable,,Structure unevaluable,,Structure unevaluable,,,0.5115,,,,,0.0679,,,,,,,,,,,,-1.2326,,,,,,,
zic3_kpna1,zic3,G7R,G,7,R,,,,,,,,False,ISDS-v1,Tier 4,0.0,Structure unevaluable,,Structure unevaluable,,Structure unevaluable,,Structure unevaluable,,,0.5115,,,,,,0.0,,,,,,,,,,,,-0.2001,,,,,,
zic3_kpna6,zic3,G7R,G,7,R,,,,,,,,False,ISDS-v1,Tier 4,0.0,Structure unevaluable,,Structure unevaluable,,Structure unevaluable,,Structure unevaluable,,,0.5115,,,,,,,0.0,,,,,,,,,,,,-1.8041,,,,,
zic3_mdfi,zic3,G7R,G,7,R,,,,,,,,False,ISDS-v1,Tier 4,0.0,Structure unevaluable,,Structure unevaluable,,Structure unevaluable,,Structure unevaluable,,,0.5115,,,,,,,,0.0,,,,,,,,,,,,-0.317,,,,
zic3_tcf7l1,zic3,G7R,G,7,R,,,,,,,,False,ISDS-v1,Tier 4,0.0,Structure unevaluable,,Structure unevaluable,,Structure unevaluable,,Structure unevaluable,,,0.5115,,,,,,,,,,,0.0,,,,,,,,,,,,-0.5952,
zic3_gli3,zic3,G17C,G,17,C,,,,,,,,False,ISDS-v1,Tier 4,0.0,Structure unevaluable,,Structure unevaluable,,Structure unevaluable,,Structure unevaluable,,,-2.0777,,,,,0.0166,,,,,,,,,,,,0.5465,,,,,,,
zic3_kpna1,zic3,G17C,G,17,C,,,,,,,,False,ISDS-v1,Tier 4,0.0,Structure unevaluable,,Structure unevaluable,,Structure unevaluable,,Structure unevaluable,,,-2.0777,,,,,,0.0,,,,,,,,,,,,0.8321,,,,,,
zic3_kpna6,zic3,G17C,G,17,C,,,,,,,,False,ISDS-v1,Tier 4,0.0,Structure unevaluable,,Structure unevaluable,,Structure unevaluable,,Structure unevaluable,,,-2.0777,,,,,,,0.0,,,,,,,,,,,,2.8411,,,,,
zic3_mdfi,zic3,G17C,G,17,C,,,,,,,,False,ISDS-v1,Tier 4,0.0,Structure unevaluable,,Structure unevaluable,,Structure unevaluable,,Structure unevaluable,,,-2.0777,,,,,,,,0.0,,,,,,,,,,,,2.371,,,,
zic3_tcf7l1,zic3,G17C,G,17,C,,,,,,,,False,ISDS-v1,Tier 4,0.0,Structure unevaluable,,Structure unevaluable,,Structure unevaluable,,Structure unevaluable,,,-2.0777,,,,,,,,,,,0.0,,,,,,,,,,,,0.1417,
zic3_gli3,zic3,A21G,A,21,G,,,,,,,,False,ISDS-v1,Tier 4,0.0,Structure unevaluable,,Structure unevaluable,,Structure unevaluable,,Structure unevaluable,,,0.0139,,,,,0.0,,,,,,,,,,,,0.733,,,,,,,
zic3_kpna1,zic3,A21G,A,21,G,,,,,,,,False,ISDS-v1,Tier 4,0.0,Structure unevaluable,,Structure unevaluable,,Structure unevaluable,,Structure unevaluable,,,0.0139,,,,,,0.0,,,,,,,,,,,,-0.0118,,,,,,
zic3_kpna6,zic3,A21G,A,21,G,,,,,,,,False,ISDS-v1,Tier 4,0.0,Structure unevaluable,,Structure unevaluable,,Structure unevaluable,,Structure unevaluable,,,0.0139,,,,,,,0.0,,,,,,,,,,,,-0.3659,,,,,
zic3_mdfi,zic3,A21G,A,21,G,,,,,,,,False,ISDS-v1,Tier 4,0.0,Structure unevaluable,,Structure unevaluable,,Structure unevaluable,,Structure unevaluable,,,0.0139,,,,,,,,0.0,,,,,,,,,,,,0.5685,,,,
zic3_tcf7l1,zic3,A21G,A,21,G,,,,,,,,False,ISDS-v1,Tier 4,0.0,Structure unevaluable,,Structure unevaluable,,Structure unevaluable,,Structure unevaluable,,,0.0139,,,,,,,,,,,0.0,,,,,,,,,,,,0.384,
zic3_gli3,zic3,A62T,A,62,T,,,,,,,,False,ISDS-v1,Tier 4,0.0,Structure unevaluable,,Structure unevaluable,,Structure unevaluable,,Structure unevaluable,,,-0.6754,,,,,-0.0241,,,,,,,,,,,,0.375,,,,,,,
zic3_kpna1,zic3,A62T,A,62,T,,,,,,,,False,ISDS-v1,Tier 4,0.0,Structure unevaluable,,Structure unevaluable,,Structure unevaluable,,Structure unevaluable,,,-0.6754,,,,,,0.0,,,,,,,,,,,,-0.1599,,,,,,
zic3_kpna6,zic3,A62T,A,62,T,,,,,,,,False,ISDS-v1,Tier 4,0.0,Structure unevaluable,,Structure unevaluable,,Structure unevaluable,,Structure unevaluable,,,-0.6754,,,,,,,0.0,,,,,,,,,,,,-0.2305,,,,,
zic3_mdfi,zic3,A62T,A,62,T,,,,,,,,False,ISDS-v1,Tier 4,0.0,Structure unevaluable,,Structure unevaluable,,Structure unevaluable,,Structure unevaluable,,,-0.6754,,,,,,,,0.0,,,,,,,,,,,,1.9697,,,,
zic3_tcf7l1,zic3,A62T,A,62,T,,,,,,,,False,ISDS-v1,Tier 4,0.0,Structure unevaluable,,Structure unevaluable,,Structure unevaluable,,Structure unevaluable,,,-0.6754,,,,,,,,,,,0.0,,,,,,,,,,,,0.2267,
zic3_gli3,zic3,T98A,T,98,A,,,,,,,,False,ISDS-v1,Tier 4,0.0,Structure unevaluable,,Structure unevaluable,,Structure unevaluable,,Structure unevaluable,,,0.2042,,,,,-0.6164,,,,,,,,,,,,-0.6399,,,,,,,
zic3_kpna1,zic3,T98A,T,98,A,,,,,,,,False,ISDS-v1,Tier 4,0.0,Structure unevaluable,,Structure unevaluable,,Structure unevaluable,,Structure unevaluable,,,0.2042,,,,,,0.0,,,,,,,,,,,,0.0172,,,,,,
zic3_kpna6,zic3,T98A,T,98,A,,,,,,,,False,ISDS-v1,Tier 4,0.0,Structure unevaluable,,Structure unevaluable,,Structure unevaluable,,Structure unevaluable,,,0.2042,,,,,,,0.0,,,,,,,,,,,,0.1162,,,,,
zic3_mdfi,zic3,T98A,T,98,A,,,,,,,,False,ISDS-v1,Tier 4,0.0,Structure unevaluable,,Structure unevaluable,,Structure unevaluable,,Structure unevaluable,,,0.2042,,,,,,,,0.0,,,,,,,,,,,,-0.1608,,,,
zic3_tcf7l1,zic3,T98A,T,98,A,,,,,,,,False,ISDS-v1,Tier 4,0.0,Structure unevaluable,,Structure unevaluable,,Structure unevaluable,,Structure unevaluable,,,0.2042,,,,,,,,,,,0.0,,,,,,,,,,,,-0.1091,
zic3_gli3,zic3,P102L,P,102,L,,,,,,,,False,ISDS-v1,Tier 4,0.0,Structure unevaluable,,Structure unevaluable,,Structure unevaluable,,Structure unevaluable,,,-0.1167,,,,,-3.242,,,,,,,,,,,,-0.013,,,,,,,
zic3_kpna1,zic3,P102L,P,102,L,,,,,,,,False,ISDS-v1,Tier 4,0.0,Structure unevaluable,,Structure unevaluable,,Structure unevaluable,,Structure unevaluable,,,-0.1167,,,,,,0.0,,,,,,,,,,,,0.4907,,,,,,
zic3_kpna6,zic3,P102L,P,102,L,,,,,,,,False,ISDS-v1,Tier 4,0.0,Structure unevaluable,,Structure unevaluable,,Structure unevaluable,,Structure unevaluable,,,-0.1167,,,,,,,0.0,,,,,,,,,,,,0.5304,,,,,
zic3_mdfi,zic3,P102L,P,102,L,,,,,,,,False,ISDS-v1,Tier 4,0.0,Structure unevaluable,,Structure unevaluable,,Structure unevaluable,,Structure unevaluable,,,-0.1167,,,,,,,,0.0,,,,,,,,,,,,-0.0001,,,,
zic3_tcf7l1,zic3,P102L,P,102,L,,,,,,,,False,ISDS-v1,Tier 4,0.0,Structure unevaluable,,Structure unevaluable,,Structure unevaluable,,Structure unevaluable,,,-0.1167,,,,,,,,,,,0.0,,,,,,,,,,,,-0.0009,
zic3_gli3,zic3,S109C,S,109,C,,,,,,,,False,ISDS-v1,Tier 4,0.0,Structure unevaluable,,Structure unevaluable,,Structure unevaluable,,Structure unevaluable,,,1.8462,,,,,-0.4777,,,,,,,,,,,,-0.326,,,,,,,
zic3_kpna1,zic3,S109C,S,109,C,,,,,,,,False,ISDS-v1,Tier 4,0.0,Structure unevaluable,,Structure unevaluable,,Structure unevaluable,,Structure unevaluable,,,1.8462,,,,,,0.0,,,,,,,,,,,,0.0238,,,,,,
zic3_kpna6,zic3,S109C,S,109,C,,,,,,,,False,ISDS-v1,Tier 4,0.0,Structure unevaluable,,Structure unevaluable,,Structure unevaluable,,Structure unevaluable,,,1.8462,,,,,,,0.0046,,,,,,,,,,,,0.0214,,,,,
zic3_mdfi,zic3,S109C,S,109,C,,,,,,,,False,ISDS-v1,Tier 4,0.0,Structure unevaluable,,Structure unevaluable,,Structure unevaluable,,Structure unevaluable,,,1.8462,,,,,,,,0.0,,,,,,,,,,,,1.8914,,,,
zic3_tcf7l1,zic3,S109C,S,109,C,,,,,,,,False,ISDS-v1,Tier 4,0.0,Structure unevaluable,,Structure unevaluable,,Structure unevaluable,,Structure unevaluable,,,1.8462,,,,,,,,,,,0.0,,,,,,,,,,,,0.3634,
zic3_gli3,zic3,S103T,S,103,T,,,,,,,,False,ISDS-v1,Tier 4,0.0,Structure unevaluable,,Structure unevaluable,,Structure unevaluable,,Structure unevaluable,,,-0.091,,,,,-1.0575,,,,,,,,,,,,-0.2807,,,,,,,
zic3_kpna1,zic3,S103T,S,103,T,,,,,,,,False,ISDS-v1,Tier 4,0.0,Structure unevaluable,,Structure unevaluable,,Structure unevaluable,,Structure unevaluable,,,-0.091,,,,,,0.0,,,,,,,,,,,,-0.0263,,,,,,
zic3_kpna6,zic3,S103T,S,103,T,,,,,,,,False,ISDS-v1,Tier 4,0.0,Structure unevaluable,,Structure unevaluable,,Structure unevaluable,,Structure unevaluable,,,-0.091,,,,,,,0.0,,,,,,,,,,,,-0.2296,,,,,
zic3_mdfi,zic3,S103T,S,103,T,,,,,,,,False,ISDS-v1,Tier 4,0.0,Structure unevaluable,,Structure unevaluable,,Structure unevaluable,,Structure unevaluable,,,-0.091,,,,,,,,0.0,,,,,,,,,,,,0.2301,,,,
zic3_tcf7l1,zic3,S103T,S,103,T,,,,,,,,False,ISDS-v1,Tier 4,0.0,Structure unevaluable,,Structure unevaluable,,Structure unevaluable,,Structure unevaluable,,,-0.091,,,,,,,,,,,0.0,,,,,,,,,,,,2.0528,
zic3_gli3,zic3,S124G,S,124,G,,,,,,,,False,ISDS-v1,Tier 4,0.0,Structure unevaluable,,Structure unevaluable,,Structure unevaluable,,Structure unevaluable,,,-0.1658,,,,,-6.4839,,,,,,,,,,,,0.7319,,,,,,,
zic3_kpna1,zic3,S124G,S,124,G,,,,,,,,False,ISDS-v1,Tier 4,0.0,Structure unevaluable,,Structure unevaluable,,Structure unevaluable,,Structure unevaluable,,,-0.1658,,,,,,0.0571,,,,,,,,,,,,0.2231,,,,,,
zic3_kpna6,zic3,S124G,S,124,G,,,,,,,,False,ISDS-v1,Tier 4,0.0,Structure unevaluable,,Structure unevaluable,,Structure unevaluable,,Structure unevaluable,,,-0.1658,,,,,,,0.4416,,,,,,,,,,,,-0.1291,,,,,
zic3_mdfi,zic3,S124G,S,124,G,,,,,,,,False,ISDS-v1,Tier 4,0.0,Structure unevaluable,,Structure unevaluable,,Structure unevaluable,,Structure unevaluable,,,-0.1658,,,,,,,,0.0,,,,,,,,,,,,0.7248,,,,
zic3_tcf7l1,zic3,S124G,S,124,G,,,,,,,,False,ISDS-v1,Tier 4,0.0,Structure unevaluable,,Structure unevaluable,,Structure unevaluable,,Structure unevaluable,,,-0.1658,,,,,,,,,,,0.0,,,,,,,,,,,,1.7282,
zic3_gli3,zic3,G213S,G,213,S,,,,,,,,False,ISDS-v1,Tier 4,0.0,Structure unevaluable,,Structure unevaluable,,Structure unevaluable,,Structure unevaluable,,,-0.0662,,,,,-0.1122,,,,,,,,,,,,-0.0174,,,,,,,
zic3_kpna1,zic3,G213S,G,213,S,,,,,,,,False,ISDS-v1,Tier 4,0.0,Structure unevaluable,,Structure unevaluable,,Structure unevaluable,,Structure unevaluable,,,-0.0662,,,,,,0.0,,,,,,,,,,,,0.3203,,,,,,
zic3_kpna6,zic3,G213S,G,213,S,,,,,,,,False,ISDS-v1,Tier 4,0.0,Structure unevaluable,,Structure unevaluable,,Structure unevaluable,,Structure unevaluable,,,-0.0662,,,,,,,0.0,,,,,,,,,,,,0.2592,,,,,
zic3_mdfi,zic3,G213S,G,213,S,,,,,,,,False,ISDS-v1,Tier 4,0.0,Structure unevaluable,,Structure unevaluable,,Structure unevaluable,,Structure unevaluable,,,-0.0662,,,,,,,,0.0,,,,,,,,,,,,0.4209,,,,
zic3_tcf7l1,zic3,G213S,G,213,S,,,,,,,,False,ISDS-v1,Tier 4,0.0,Structure unevaluable,,Structure unevaluable,,Structure unevaluable,,Structure unevaluable,,,-0.0662,,,,,,,,,,,0.0,,,,,,,,,,,,-0.1178,
zic3_gli3,zic3,P217A,P,217,A,,,,,,,,False,ISDS-v1,Tier 4,0.0,Structure unevaluable,,Structure unevaluable,,Structure unevaluable,,Structure unevaluable,,,1.416,,,,,-0.0385,,,,,,,,,,,,1.6431,,,,,,,
zic3_kpna1,zic3,P217A,P,217,A,,,,,,,,False,ISDS-v1,Tier 4,0.0,Structure unevaluable,,Structure unevaluable,,Structure unevaluable,,Structure unevaluable,,,1.416,,,,,,0.0,,,,,,,,,,,,0.6472,,,,,,
zic3_kpna6,zic3,P217A,P,217,A,,,,,,,,False,ISDS-v1,Tier 4,0.0,Structure unevaluable,,Structure unevaluable,,Structure unevaluable,,Structure unevaluable,,,1.416,,,,,,,0.0,,,,,,,,,,,,0.7043,,,,,
zic3_mdfi,zic3,P217A,P,217,A,,,,,,,,False,ISDS-v1,Tier 4,0.0,Structure unevaluable,,Structure unevaluable,,Structure unevaluable,,Structure unevaluable,,,1.416,,,,,,,,0.0,,,,,,,,,,,,0.8379,,,,
zic3_tcf7l1,zic3,P217A,P,217,A,,,,,,,,False,ISDS-v1,Tier 4,0.0,Structure unevaluable,,Structure unevaluable,,Structure unevaluable,,Structure unevaluable,,,1.416,,,,,,,,,,,0.0,,,,,,,,,,,,1.6861,
zic3_gli3,zic3,A447G,A,447,G,,,,,,,,False,ISDS-v1,Tier 4,0.0,Structure unevaluable,,Structure unevaluable,,Structure unevaluable,,Structure unevaluable,,,0.1003,,,,,-0.1494,,,,,,,,,,,,0.9224,,,,,,,
zic3_kpna1,zic3,A447G,A,447,G,,,,,,,,False,ISDS-v1,Tier 4,0.0,Structure unevaluable,,Structure unevaluable,,Structure unevaluable,,Structure unevaluable,,,0.1003,,,,,,0.0,,,,,,,,,,,,-0.601,,,,,,
zic3_kpna6,zic3,A447G,A,447,G,,,,,,,,False,ISDS-v1,Tier 4,0.0,Structure unevaluable,,Structure unevaluable,,Structure unevaluable,,Structure unevaluable,,,0.1003,,,,,,,0.0,,,,,,,,,,,,0.1349,,,,,
zic3_mdfi,zic3,A447G,A,447,G,,,,,,,,False,ISDS-v1,Tier 4,0.0,Structure unevaluable,,Structure unevaluable,,Structure unevaluable,,Structure unevaluable,,,0.1003,,,,,,,,0.0,,,,,,,,,,,,-1.4306,,,,
zic3_tcf7l1,zic3,A447G,A,447,G,,,,,,,,False,ISDS-v1,Tier 4,0.0,Structure unevaluable,,Structure unevaluable,,Structure unevaluable,,Structure unevaluable,,,0.1003,,,,,,,,,,,0.0,,,,,,,,,,,,0.0282,
zic3_gli3,gli3,T9M,T,9,M,,,,,,,,False,ISDS-v1,Tier 4,0.0,Structure unevaluable,,Structure unevaluable,,Structure unevaluable,,Structure unevaluable,,,-1.6074,,,,,,,,,,,,0.0123,,,,,,,,,,,,-0.1497
zic3_gli3,gli3,V71I,V,71,I,,,,,,,,False,ISDS-v1,Tier 4,0.0,Structure unevaluable,,Structure unevaluable,,Structure unevaluable,,Structure unevaluable,,,0.3165,,,,,,,,,,,,0.0,,,,,,,,,,,,-0.5072
zic3_gli3,gli3,P103S,P,103,S,,,,,,,,False,ISDS-v1,Tier 4,0.0,Structure unevaluable,,Structure unevaluable,,Structure unevaluable,,Structure unevaluable,,,-1.47,,,,,,,,,,,,0.0,,,,,,,,,,,,2.3046
zic3_gli3,gli3,R114K,R,114,K,,,,,,,,False,ISDS-v1,Tier 4,0.0,Structure unevaluable,,Structure unevaluable,,Structure unevaluable,,Structure unevaluable,,,0.4865,,,,,,,,,,,,-0.0871,,,,,,,,,,,,0.0973
zic3_gli3,gli3,R180Q,R,180,Q,,,,,,,,False,ISDS-v1,Tier 4,0.0,Structure unevaluable,,Structure unevaluable,,Structure unevaluable,,Structure unevaluable,,,0.4198,,,,,,,,,,,,-0.7804,,,,,,,,,,,,-0.6553
zic3_gli3,gli3,T183A,T,183,A,,,,,,,,False,ISDS-v1,Tier 4,0.0,Structure unevaluable,,Structure unevaluable,,Structure unevaluable,,Structure unevaluable,,,0.7165,,,,,,,,,,,,0.2692,,,,,,,,,,,,-0.4354
zic3_gli3,gli3,P189S,P,189,S,,,,,,,,False,ISDS-v1,Tier 4,0.0,Structure unevaluable,,Structure unevaluable,,Structure unevaluable,,Structure unevaluable,,,-0.7645,,,,,,,,,,,,-0.9747,,,,,,,,,,,,-0.0721
zic3_gli3,gli3,T263K,T,263,K,,,,,,,,False,ISDS-v1,Tier 4,0.0,Structure unevaluable,,Structure unevaluable,,Structure unevaluable,,Structure unevaluable,,,0.021,,,,,,,,,,,,-0.018,,,,,,,,,,,,-1.4321
zic3_gli3,gli3,I342V,I,342,V,,,,,,,,False,ISDS-v1,Tier 4,0.0,Structure unevaluable,,Structure unevaluable,,Structure unevaluable,,Structure unevaluable,,,-0.0086,,,,,,,,,,,,-1.7257,,,,,,,,,,,,0.5622
zic3_gli3,gli3,G465R,G,465,R,,,,,,,,False,ISDS-v1,Tier 4,0.0,Structure unevaluable,,Structure unevaluable,,Structure unevaluable,,Structure unevaluable,,,-0.5024,,,,,,,,,,,,-10.1448,,,,,,,,,,,,-0.9579
zic3_gli3,gli3,G657S,G,657,S,,,,,,,,False,ISDS-v1,Tier 4,0.0,Structure unevaluable,,Structure unevaluable,,Structure unevaluable,,Structure unevaluable,,,2.7297,,,,,,,,,,,,-0.064,,,,,,,,,,,,-0.5415
zic3_gli3,gli3,P707S,P,707,S,,,,,,,,False,ISDS-v1,Tier 4,0.0,Structure unevaluable,,Structure unevaluable,,Structure unevaluable,,Structure unevaluable,,,-2.0912,,,,,,,,,,,,0.0,,,,,,,,,,,,1.9178
zic3_gli3,gli3,N722S,N,722,S,,,,,,,,False,ISDS-v1,Tier 4,0.0,Structure unevaluable,,Structure unevaluable,,Structure unevaluable,,Structure unevaluable,,,0.0509,,,,,,,,,,,,0.049,,,,,,,,,,,,0.6898
zic3_gli3,gli3,G727R,G,727,R,,,,,,,,False,ISDS-v1,Tier 4,0.0,Structure unevaluable,,Structure unevaluable,,Structure unevaluable,,Structure unevaluable,,,2.922,,,,,,,,,,,,-0.057,,,,,,,,,,,,7.8595
zic3_gli3,gli3,D734N,D,734,N,,,,,,,,False,ISDS-v1,Tier 4,0.0,Structure unevaluable,,Structure unevaluable,,Structure unevaluable,,Structure unevaluable,,,-1.7536,,,,,,,,,,,,-3.5801,,,,,,,,,,,,-0.9
zic3_gli3,gli3,A770V,A,770,V,,,,,,,,False,ISDS-v1,Tier 4,0.0,Structure unevaluable,,Structure unevaluable,,Structure unevaluable,,Structure unevaluable,,,-0.1847,,,,,,,,,,,,0.0,,,,,,,,,,,,0.3391
zic3_gli3,gli3,I808M,I,808,M,,,,,,,,False,ISDS-v1,Tier 4,0.0,Structure unevaluable,,Structure unevaluable,,Structure unevaluable,,Structure unevaluable,,,-0.2954,,,,,,,,,,,,0.0017,,,,,,,,,,,,-0.0084
zic3_gli3,gli3,A879T,A,879,T,,,,,,,,False,ISDS-v1,Tier 4,0.0,Structure unevaluable,,Structure unevaluable,,Structure unevaluable,,Structure unevaluable,,,2.0225,,,,,,,,,,,,0.0,,,,,,,,,,,,1.0009
zic3_gli3,gli3,P998L,P,998,L,,,,,,,,False,ISDS-v1,Tier 4,0.0,Structure unevaluable,,Structure unevaluable,,Structure unevaluable,,Structure unevaluable,,,-1.4488,,,,,,,,,,,,0.0005,,,,,,,,,,,,0.6955
zic3_gli3,gli3,G1001S,G,1001,S,,,,,,,,False,ISDS-v1,Tier 4,0.0,Structure unevaluable,,Structure unevaluable,,Structure unevaluable,,Structure unevaluable,,,1.8378,,,,,,,,,,,,0.0,,,,,,,,,,,,0.352
zic3_gli3,gli3,S1028I,S,1028,I,,,,,,,,False,ISDS-v1,Tier 4,0.0,Structure unevaluable,,Structure unevaluable,,Structure unevaluable,,Structure unevaluable,,,0.6867,,,,,,,,,,,,0.0,,,,,,,,,,,,0.2061
zic3_gli3,gli3,T1070S,T,1070,S,,,,,,,,False,ISDS-v1,Tier 4,0.0,Structure unevaluable,,Structure unevaluable,,Structure unevaluable,,Structure unevaluable,,,0.0172,,,,,,,,,,,,-0.0004,,,,,,,,,,,,0.4929
zic3_gli3,gli3,T1074N,T,1074,N,,,,,,,,False,ISDS-v1,Tier 4,1.2,Structure unevaluable,,Structure unevaluable,,Structure unevaluable,,Structure unevaluable,,,3.4395,,,,,,,,,,,,-0.0012,,,,,,,,,,,,0.0977
zic3_gli3,gli3,G1125R,G,1125,R,,,,,,,,False,ISDS-v1,Tier 4,0.0,Structure unevaluable,,Structure unevaluable,,Structure unevaluable,,Structure unevaluable,,,-0.0576,,,,,,,,,,,,-2.5492,,,,,,,,,,,,4.8876
zic3_gli3,gli3,P1222S,P,1222,S,,,,,,,,False,ISDS-v1,Tier 4,0.8,Structure unevaluable,,Structure unevaluable,,Structure unevaluable,,Structure unevaluable,,,1.8566,,,,,,,,,,,,-0.022,,,,,,,,,,,,-0.1868
zic3_gli3,gli3,G1336E,G,1336,E,,,,,,,,False,ISDS-v1,Tier 4,0.0,Structure unevaluable,,Structure unevaluable,,Structure unevaluable,,Structure unevaluable,,,2.4221,,,,,,,,,,,,-0.0111,,,,,,,,,,,,-0.1899
zic3_gli3,gli3,R1537C,R,1537,C,,,,,,,,False,ISDS-v1,Tier 4,0.0,Structure unevaluable,,Structure unevaluable,,Structure unevaluable,,Structure unevaluable,,,0.9435,,,,,,,,,,,,0.0,,,,,,,,,,,,0.8048
zic3_kpna1,kpna1,S73N,S,73,N,,,,,,,,False,ISDS-v1,Tier 4,0.0,Structure unevaluable,,Structure unevaluable,,Structure unevaluable,,Structure unevaluable,,,-0.0914,,,,,,,,,,,,0.0,,,,,,,,,,,,-0.4479
zic3_kpna6,kpna6,D507N,D,507,N,,,,,,,,False,ISDS-v1,Tier 4,0.0,Structure unevaluable,,Structure unevaluable,,Structure unevaluable,,Structure unevaluable,,,1.268,,,,,,,,,,,,0.0,,,,,,,,,,,,-0.0431
zic3_tcf7l1,tcf7l1,G12S,G,12,S,,,,,,,,False,ISDS-v1,Tier 4,0.0,Structure unevaluable,,Structure unevaluable,,Structure unevaluable,,Structure unevaluable,,,3.6256,,,,,,,,,,,,0.0,,,,,,,,,,,,0.0468
zic3_tcf7l1,tcf7l1,G14S,G,14,S,,,,,,,,False,ISDS-v1,Tier 4,0.0,Structure unevaluable,,Structure unevaluable,,Structure unevaluable,,Structure unevaluable,,,1.8525,,,,,,,,,,,,0.0,,,,,,,,,,,,0.0695
zic3_tcf7l1,tcf7l1,Q89H,Q,89,H,,,,,,,,False,ISDS-v1,Tier 4,0.0,Structure unevaluable,,Structure unevaluable,,Structure unevaluable,,Structure unevaluable,,,0.3971,,,,,,,,,,,,0.0,,,,,,,,,,,,-0.3376
zic3_tcf7l1,tcf7l1,S141P,S,141,P,,,,,,,,False,ISDS-v1,Tier 4,0.0,Structure unevaluable,,Structure unevaluable,,Structure unevaluable,,Structure unevaluable,,,-1.0548,,,,,,,,,,,,0.0,,,,,,,,,,,,-1.9694
zic3_tcf7l1,tcf7l1,S160T,S,160,T,,,,,,,,False,ISDS-v1,Tier 4,0.0,Structure unevaluable,,Structure unevaluable,,Structure unevaluable,,Structure unevaluable,,,-0.129,,,,,,,,,,,,0.0,,,,,,,,,,,,0.0715
zic3_tcf7l1,tcf7l1,L248I,L,248,I,,,,,,,,False,ISDS-v1,Tier 4,0.0,Structure unevaluable,,Structure unevaluable,,Structure unevaluable,,Structure unevaluable,,,0.5437,,,,,,,,,,,,0.0,,,,,,,,,,,,0.0529
zic3_tcf7l1,tcf7l1,P253S,P,253,S,,,,,,,,False,ISDS-v1,Tier 4,0.0,Structure unevaluable,,Structure unevaluable,,Structure unevaluable,,Structure unevaluable,,,0.7801,,,,,,,,,,,,0.0,,,,,,,,,,,,1.3546
zic3_tcf7l1,tcf7l1,G533R,G,533,R,,,,,,,,False,ISDS-v1,Tier 4,0.0,Structure unevaluable,,Structure unevaluable,,Structure unevaluable,,Structure unevaluable,,,3.0179,,,,,,,,,,,,0.0,,,,,,,,,,,,-0.1086
zic3_tcf7l1,tcf7l1,Q538H,Q,538,H,,,,,,,,False,ISDS-v1,Tier 4,0.0,Structure unevaluable,,Structure unevaluable,,Structure unevaluable,,Structure unevaluable,,,0.5621,,,,,,,,,,,,0.0,,,,,,,,,,,,0.2594
